frame_idx,capture_unix_ns,wall_time_iso,cam1_monotonic_ns,cam2_monotonic_ns,camera_skew_ms
1,1787676907473103800,2026-08-25T23:55:07.473+07:00,95306852161400,95306887343100,35.182
2,1787676907550171900,2026-08-25T23:55:07.550+07:00,95306979908200,95306993953300,14.045
3,1787676907692482600,2026-08-25T23:55:07.692+07:00,95307063133400,95307108332900,45.200
4,1787676907791420600,2026-08-25T23:55:07.791+07:00,95307182310800,95307138882200,43.429
5,1787676907906962400,2026-08-25T23:55:07.906+07:00,95307288560700,95307300823900,12.263
6,1787676908015611000,2026-08-25T23:55:08.015+07:00,95307391512500,95307372779200,18.733
7,1787676908176674300,2026-08-25T23:55:08.176+07:00,95307517132300,95307500796200,16.336
8,1787676908282434400,2026-08-25T23:55:08.282+07:00,95307684535700,95307662911400,21.624
9,1787676908391332400,2026-08-25T23:55:08.391+07:00,95307785528500,95307785372600,0.156
10,1787676908495527600,2026-08-25T23:55:08.495+07:00,95307900531500,95307899773200,0.758
11,1787676908618980200,2026-08-25T23:55:08.618+07:00,95308016201500,95307966430500,49.771
12,1787676908733028300,2026-08-25T23:55:08.733+07:00,95308096065400,95308086841400,9.224
13,1787676908871863700,2026-08-25T23:55:08.871+07:00,95308230175400,95308205337200,24.838
14,1787676908973049500,2026-08-25T23:55:08.973+07:00,95308396936800,95308376761600,20.175
15,1787676909106146400,2026-08-25T23:55:09.106+07:00,95308489500300,95308500993500,11.493
16,1787676909220173100,2026-08-25T23:55:09.220+07:00,95308610821200,95308620131100,9.310
17,1787676909341820100,2026-08-25T23:55:09.341+07:00,95308698344700,95308698147700,0.197
18,1787676909494356700,2026-08-25T23:55:09.494+07:00,95308823897600,95308861615300,37.718
19,1787676909656785600,2026-08-25T23:55:09.656+07:00,95308998468600,95308976970800,21.498
20,1787676909792522900,2026-08-25T23:55:09.792+07:00,95309160942200,95309160569700,0.372
21,1787676909910824500,2026-08-25T23:55:09.910+07:00,95309283494400,95309283078500,0.416
22,1787676910026141600,2026-08-25T23:55:10.026+07:00,95309410953300,95309410193200,0.760
23,1787676910151887400,2026-08-25T23:55:10.151+07:00,95309542844700,95309524861000,17.984
24,1787676910277545800,2026-08-25T23:55:10.277+07:00,95309664792000,95309642473000,22.319
25,1787676910406590700,2026-08-25T23:55:10.406+07:00,95309784715700,95309762734800,21.981
26,1787676910508550800,2026-08-25T23:55:10.508+07:00,95309906852400,95309893939700,12.913
27,1787676910629516100,2026-08-25T23:55:10.629+07:00,95309996836300,95310001502800,4.667
28,1787676910765697200,2026-08-25T23:55:10.765+07:00,95310122202900,95310124912600,2.710
29,1787676910898999000,2026-08-25T23:55:10.899+07:00,95310290114600,95310245863800,44.251
30,1787676911062851900,2026-08-25T23:55:11.062+07:00,95310411558200,95310424582400,13.024
31,1787676911196767700,2026-08-25T23:55:11.196+07:00,95310580982400,95310541706900,39.276
32,1787676911323020400,2026-08-25T23:55:11.323+07:00,95310699118300,95310667132200,31.986
33,1787676911457534900,2026-08-25T23:55:11.457+07:00,95310837151900,95310843711700,6.560
34,1787676911608842700,2026-08-25T23:55:11.608+07:00,95310974361000,95310974179100,0.182
35,1787676911726780900,2026-08-25T23:55:11.726+07:00,95311123172600,95311086599400,36.573
36,1787676911842219200,2026-08-25T23:55:11.842+07:00,95311211916500,95311211711300,0.205
37,1787676911976940200,2026-08-25T23:55:11.976+07:00,95311375525700,95311323017400,52.508
38,1787676912135450700,2026-08-25T23:55:12.135+07:00,95311502559800,95311502360100,0.200
39,1787676912286442000,2026-08-25T23:55:12.286+07:00,95311629367500,95311628246500,1.121
40,1787676912402190800,2026-08-25T23:55:12.402+07:00,95311802583800,95311810279400,7.696
41,1787676912537529000,2026-08-25T23:55:12.537+07:00,95311925109900,95311929500200,4.390
42,1787676912683800800,2026-08-25T23:55:12.683+07:00,95312046948800,95312038508000,8.441
43,1787676912814202100,2026-08-25T23:55:12.814+07:00,95312208093600,95312169241100,38.852
44,1787676912945562200,2026-08-25T23:55:12.945+07:00,95312297809100,95312284904800,12.904
45,1787676913099838900,2026-08-25T23:55:13.099+07:00,95312471626900,95312474409300,2.782
46,1787676913241983500,2026-08-25T23:55:13.241+07:00,95312594485500,95312594644600,0.159
47,1787676913402250300,2026-08-25T23:55:13.402+07:00,95312771294700,95312771090700,0.204
48,1787676913520467400,2026-08-25T23:55:13.520+07:00,95312890169500,95312895836500,5.667
49,1787676913652535900,2026-08-25T23:55:13.652+07:00,95313010930500,95313009049000,1.881
50,1787676913794936000,2026-08-25T23:55:13.794+07:00,95313133627100,95313128639100,4.988
51,1787676913939154100,2026-08-25T23:55:13.939+07:00,95313313519000,95313309228000,4.291
52,1787676914087559400,2026-08-25T23:55:14.087+07:00,95313416705100,95313427013400,10.308
53,1787676914270187900,2026-08-25T23:55:14.270+07:00,95313598762600,95313605614800,6.852
54,1787676914401701000,2026-08-25T23:55:14.401+07:00,95313768612900,95313786803700,18.191
55,1787676914548878500,2026-08-25T23:55:14.548+07:00,95313930445100,95313907789500,22.656
56,1787676914658902900,2026-08-25T23:55:14.658+07:00,95314059316500,95314029259300,30.057
57,1787676914788184300,2026-08-25T23:55:14.788+07:00,95314140274000,95314144566300,4.292
58,1787676914923227300,2026-08-25T23:55:14.923+07:00,95314303093900,95314273898400,29.195
59,1787676915080869100,2026-08-25T23:55:15.080+07:00,95314432951500,95314446451500,13.500
60,1787676915230687400,2026-08-25T23:55:15.230+07:00,95314605521300,95314567150300,38.371
61,1787676915367573800,2026-08-25T23:55:15.367+07:00,95314723038600,95314742212000,19.173
62,1787676915496711600,2026-08-25T23:55:15.496+07:00,95314900495400,95314861497300,38.998
63,1787676915617924100,2026-08-25T23:55:15.617+07:00,95314965308300,95314985561000,20.253
64,1787676915743934800,2026-08-25T23:55:15.743+07:00,95315115445700,95315102757700,12.688
65,1787676915874243200,2026-08-25T23:55:15.874+07:00,95315230128900,95315222154700,7.974
66,1787676916002268500,2026-08-25T23:55:16.002+07:00,95315398746500,95315403275500,4.529
67,1787676916116411700,2026-08-25T23:55:16.116+07:00,95315482936500,95315462905900,20.031
68,1787676916238553900,2026-08-25T23:55:16.238+07:00,95315613826700,95315582306200,31.520
69,1787676916373912800,2026-08-25T23:55:16.373+07:00,95315739011000,95315762057200,23.046
70,1787676916542770600,2026-08-25T23:55:16.542+07:00,95315861190200,95315884481500,23.291
71,1787676916657173900,2026-08-25T23:55:16.657+07:00,95316031811300,95316002755200,29.056
72,1787676916775353400,2026-08-25T23:55:16.775+07:00,95316168056000,95316120412400,47.644
73,1787676916914991900,2026-08-25T23:55:16.914+07:00,95316278953200,95316252804500,26.149
74,1787676917040776700,2026-08-25T23:55:17.040+07:00,95316441701900,95316441117900,0.584
75,1787676917179534400,2026-08-25T23:55:17.179+07:00,95316525383600,95316547693500,22.310
76,1787676917345215700,2026-08-25T23:55:17.345+07:00,95316686605100,95316668470700,18.134
77,1787676917489973600,2026-08-25T23:55:17.489+07:00,95316858345100,95316846580100,11.765
78,1787676917629016000,2026-08-25T23:55:17.629+07:00,95316983746600,95316977124400,6.622
79,1787676917739570100,2026-08-25T23:55:17.739+07:00,95317150070400,95317150327900,0.258
80,1787676917854145200,2026-08-25T23:55:17.854+07:00,95317228596400,95317206850600,21.746
81,1787676917986846000,2026-08-25T23:55:17.986+07:00,95317351904800,95317330026900,21.878
82,1787676918148058400,2026-08-25T23:55:18.148+07:00,95317495430000,95317511474100,16.044
83,1787676918285007600,2026-08-25T23:55:18.285+07:00,95317661427600,95317629869000,31.559
84,1787676918395511300,2026-08-25T23:55:18.395+07:00,95317782458000,95317806168900,23.711
85,1787676918532049300,2026-08-25T23:55:18.532+07:00,95317906809600,95317872593800,34.216
86,1787676918666332400,2026-08-25T23:55:18.666+07:00,95318028874500,95318048619200,19.745
87,1787676918803628700,2026-08-25T23:55:18.803+07:00,95318191860000,95318172599600,19.260
88,1787676918908608000,2026-08-25T23:55:18.908+07:00,95318320146000,95318286914600,33.231
89,1787676919050953400,2026-08-25T23:55:19.050+07:00,95318415948800,95318415671200,0.278
90,1787676919189033200,2026-08-25T23:55:19.189+07:00,95318567127700,95318531989500,35.138
91,1787676919324756600,2026-08-25T23:55:19.324+07:00,95318699726200,95318707972800,8.247
92,1787676919437030800,2026-08-25T23:55:19.437+07:00,95318822331400,95318830746000,8.415
93,1787676919560242000,2026-08-25T23:55:19.560+07:00,95318954770900,95318954295500,0.475
94,1787676919697063300,2026-08-25T23:55:19.697+07:00,95319073559500,95319008492800,65.067
95,1787676919848920800,2026-08-25T23:55:19.848+07:00,95319205276500,95319199425500,5.851
96,1787676919951947800,2026-08-25T23:55:19.951+07:00,95319364929500,95319365620000,0.691
97,1787676920070830200,2026-08-25T23:55:20.070+07:00,95319449180000,95319433422800,15.757
98,1787676920210131300,2026-08-25T23:55:20.210+07:00,95319576176300,95319548952100,27.224
99,1787676920354429200,2026-08-25T23:55:20.354+07:00,95319697018300,95319732979800,35.962
100,1787676920496787700,2026-08-25T23:55:20.496+07:00,95319868837800,95319864301400,4.536
101,1787676920622619500,2026-08-25T23:55:20.622+07:00,95319994920700,95319970223600,24.697
102,1787676920752194300,2026-08-25T23:55:20.752+07:00,95320116552000,95320090745400,25.807
103,1787676920889403700,2026-08-25T23:55:20.889+07:00,95320244884200,95320273983300,29.099
104,1787676921018910400,2026-08-25T23:55:21.018+07:00,95320411966200,95320394627700,17.338
105,1787676921145218000,2026-08-25T23:55:21.145+07:00,95320540622200,95320510515300,30.107
106,1787676921298110900,2026-08-25T23:55:21.298+07:00,95320669490800,95320630784400,38.706
107,1787676921449305600,2026-08-25T23:55:21.449+07:00,95320798926600,95320810426700,11.500
108,1787676921567800700,2026-08-25T23:55:21.567+07:00,95320976445200,95320932821600,43.624
109,1787676921682555300,2026-08-25T23:55:21.682+07:00,95321063085400,95321058348300,4.737
110,1787676921833553300,2026-08-25T23:55:21.833+07:00,95321204611700,95321174553600,30.058
111,1787676921971789100,2026-08-25T23:55:21.971+07:00,95321346609900,95321353590300,6.980
112,1787676922105006700,2026-08-25T23:55:22.105+07:00,95321486407700,95321478740000,7.668
113,1787676922218950100,2026-08-25T23:55:22.218+07:00,95321602776500,95321595049000,7.728
114,1787676922351045100,2026-08-25T23:55:22.351+07:00,95321723603400,95321709227200,14.376
115,1787676922486561300,2026-08-25T23:55:22.486+07:00,95321845114800,95321830911500,14.203
116,1787676922600316500,2026-08-25T23:55:22.600+07:00,95321979287200,95321950198000,29.089
117,1787676922734477500,2026-08-25T23:55:22.734+07:00,95322101647300,95322073619200,28.028
118,1787676922867916100,2026-08-25T23:55:22.867+07:00,95322225683400,95322252133400,26.450
119,1787676923001638400,2026-08-25T23:55:23.001+07:00,95322397381400,95322374440600,22.941
120,1787676923141777200,2026-08-25T23:55:23.141+07:00,95322515595200,95322491510800,24.084
121,1787676923273664700,2026-08-25T23:55:23.273+07:00,95322644576200,95322611693600,32.883
122,1787676923416153000,2026-08-25T23:55:23.416+07:00,95322777734500,95322789689000,11.954
123,1787676923559176700,2026-08-25T23:55:23.559+07:00,95322934448100,95322914475000,19.973
124,1787676923674334200,2026-08-25T23:55:23.674+07:00,95323061324300,95323034500300,26.824
125,1787676923788756500,2026-08-25T23:55:23.788+07:00,95323192822700,95323153823600,38.999
126,1787676923898808500,2026-08-25T23:55:23.898+07:00,95323305572500,95323272876400,32.696
127,1787676924027986500,2026-08-25T23:55:24.027+07:00,95323399382500,95323392618000,6.764
128,1787676924140478500,2026-08-25T23:55:24.140+07:00,95323522815000,95323518017400,4.798
129,1787676924258976800,2026-08-25T23:55:24.258+07:00,95323644155100,95323643756200,0.399
130,1787676924361571800,2026-08-25T23:55:24.361+07:00,95323769753100,95323750370500,19.383
131,1787676924489526000,2026-08-25T23:55:24.489+07:00,95323844947700,95323871836000,26.888
132,1787676924639714600,2026-08-25T23:55:24.639+07:00,95323977243600,95323996184200,18.941
133,1787676924752676800,2026-08-25T23:55:24.752+07:00,95324152224400,95324113888900,38.336
134,1787676924856123400,2026-08-25T23:55:24.856+07:00,95324269651600,95324231053200,38.598
135,1787676924973845600,2026-08-25T23:55:24.973+07:00,95324357281200,95324356969600,0.312
136,1787676925097015800,2026-08-25T23:55:25.097+07:00,95324489802200,95324475288300,14.514
137,1787676925236253800,2026-08-25T23:55:25.236+07:00,95324611372700,95324593776600,17.596
138,1787676925354519000,2026-08-25T23:55:25.354+07:00,95324739091000,95324715539700,23.551
139,1787676925486412900,2026-08-25T23:55:25.486+07:00,95324863801200,95324832006400,31.795
140,1787676925600501700,2026-08-25T23:55:25.600+07:00,95324999639000,95325012485800,12.847
141,1787676925708267900,2026-08-25T23:55:25.708+07:00,95325115329600,95325084703000,30.627
142,1787676925839754000,2026-08-25T23:55:25.839+07:00,95325225085100,95325229272000,4.187
143,1787676925955263100,2026-08-25T23:55:25.955+07:00,95325361626300,95325334656700,26.970
144,1787676926075100300,2026-08-25T23:55:26.075+07:00,95325450663800,95325437819100,12.845
145,1787676926190100200,2026-08-25T23:55:26.190+07:00,95325564011500,95325552278500,11.733
146,1787676926303388200,2026-08-25T23:55:26.303+07:00,95325691295600,95325674578000,16.718
147,1787676926420724000,2026-08-25T23:55:26.420+07:00,95325826342300,95325794354700,31.988
148,1787676926529874900,2026-08-25T23:55:26.529+07:00,95325908708700,95325913839800,5.131
149,1787676926663364200,2026-08-25T23:55:26.663+07:00,95326034697500,95326039930100,5.233
150,1787676926784180200,2026-08-25T23:55:26.784+07:00,95326195097400,95326149432400,45.665
151,1787676926887441800,2026-08-25T23:55:26.887+07:00,95326288621300,95326274556700,14.065
152,1787676926992922900,2026-08-25T23:55:26.992+07:00,95326375081200,95326396343300,21.262
153,1787676927106775900,2026-08-25T23:55:27.106+07:00,95326500569100,95326515074000,14.505
154,1787676927223368200,2026-08-25T23:55:27.223+07:00,95326616546000,95326576556900,39.989
155,1787676927340968500,2026-08-25T23:55:27.340+07:00,95326707506400,95326694342900,13.164
156,1787676927443930000,2026-08-25T23:55:27.443+07:00,95326830469200,95326819368700,11.101
157,1787676927564460000,2026-08-25T23:55:27.564+07:00,95326959455100,95326941964200,17.491
158,1787676927699627000,2026-08-25T23:55:27.699+07:00,95327082020300,95327056150700,25.870
159,1787676927858704300,2026-08-25T23:55:27.858+07:00,95327203769000,95327177303200,26.466
160,1787676927978555000,2026-08-25T23:55:27.978+07:00,95327372203400,95327356188100,16.015
161,1787676928103163400,2026-08-25T23:55:28.103+07:00,95327464106400,95327478766200,14.660
162,1787676928250054300,2026-08-25T23:55:28.250+07:00,95327628216400,95327601150300,27.066
163,1787676928380897400,2026-08-25T23:55:28.380+07:00,95327747563300,95327724362000,23.201
164,1787676928509971800,2026-08-25T23:55:28.509+07:00,95327887912500,95327897632500,9.720
165,1787676928641542100,2026-08-25T23:55:28.641+07:00,95328022630800,95328022853600,0.223
166,1787676928781753600,2026-08-25T23:55:28.781+07:00,95328154316100,95328154536600,0.221
167,1787676928910257000,2026-08-25T23:55:28.910+07:00,95328299164500,95328261461800,37.703
168,1787676929040577600,2026-08-25T23:55:29.040+07:00,95328419602400,95328431864400,12.262
169,1787676929174795600,2026-08-25T23:55:29.174+07:00,95328543632200,95328558123300,14.491
170,1787676929320282100,2026-08-25T23:55:29.320+07:00,95328668843400,95328680773700,11.930
171,1787676929470396000,2026-08-25T23:55:29.470+07:00,95328840148900,95328803906300,36.243
172,1787676929600667300,2026-08-25T23:55:29.600+07:00,95328963052400,95328978092600,15.040
173,1787676929745510000,2026-08-25T23:55:29.745+07:00,95329087053100,95329096111800,9.059
174,1787676929885571400,2026-08-25T23:55:29.885+07:00,95329260610300,95329277489500,16.879
175,1787676930022374700,2026-08-25T23:55:30.022+07:00,95329385121500,95329400800400,15.679
176,1787676930153563200,2026-08-25T23:55:30.153+07:00,95329547962500,95329524838200,23.124
177,1787676930291685800,2026-08-25T23:55:30.291+07:00,95329679365800,95329645586100,33.780
178,1787676930426797100,2026-08-25T23:55:30.426+07:00,95329808669100,95329817038800,8.370
179,1787676930565519300,2026-08-25T23:55:30.565+07:00,95329931629400,95329939424800,7.795
180,1787676930704621300,2026-08-25T23:55:30.704+07:00,95330092959400,95330058105100,34.854
181,1787676930888970000,2026-08-25T23:55:30.888+07:00,95330218988600,95330241033600,22.045
182,1787676931010508300,2026-08-25T23:55:31.010+07:00,95330399159100,95330417927200,18.768
183,1787676931134038000,2026-08-25T23:55:31.134+07:00,95330519045200,95330480800900,38.244
184,1787676931247887800,2026-08-25T23:55:31.247+07:00,95330656620100,95330595323700,61.296
185,1787676931365078900,2026-08-25T23:55:31.365+07:00,95330758589300,95330723228300,35.361
186,1787676931523286000,2026-08-25T23:55:31.523+07:00,95330898080600,95330843265500,54.815
187,1787676931666174300,2026-08-25T23:55:31.666+07:00,95331055751000,95331022815100,32.936
188,1787676931788187500,2026-08-25T23:55:31.788+07:00,95331188123600,95331139903100,48.221
189,1787676931909194200,2026-08-25T23:55:31.909+07:00,95331296516300,95331263761700,32.755
190,1787676932044296200,2026-08-25T23:55:32.044+07:00,95331425770700,95331384352600,41.418
191,1787676932194062100,2026-08-25T23:55:32.194+07:00,95331557286400,95331557061000,0.225
192,1787676932322689100,2026-08-25T23:55:32.322+07:00,95331683710900,95331683476500,0.234
193,1787676932437369300,2026-08-25T23:55:32.437+07:00,95331848215700,95331793142500,55.073
194,1787676932563117200,2026-08-25T23:55:32.563+07:00,95331930645900,95331915492700,15.153
195,1787676932704608000,2026-08-25T23:55:32.704+07:00,95332060745500,95332039341800,21.404
196,1787676932847062500,2026-08-25T23:55:32.847+07:00,95332234969300,95332226616300,8.353
197,1787676932964465700,2026-08-25T23:55:32.964+07:00,95332311520000,95332339930600,28.411
198,1787676933077939400,2026-08-25T23:55:33.077+07:00,95332476835000,95332463336400,13.499
199,1787676933208079800,2026-08-25T23:55:33.208+07:00,95332562565100,95332578818700,16.254
200,1787676933325072900,2026-08-25T23:55:33.325+07:00,95332731298300,95332700229800,31.069
201,1787676933448194000,2026-08-25T23:55:33.448+07:00,95332818017900,95332824639000,6.621
202,1787676933563228700,2026-08-25T23:55:33.563+07:00,95332946402100,95332943207400,3.195
203,1787676933714211400,2026-08-25T23:55:33.714+07:00,95333078575400,95333074553300,4.022
204,1787676933850819600,2026-08-25T23:55:33.850+07:00,95333239200300,95333239031900,0.168
205,1787676933976213200,2026-08-25T23:55:33.976+07:00,95333376206000,95333376517500,0.311
206,1787676934088215200,2026-08-25T23:55:34.088+07:00,95333494854400,95333487607100,7.247
207,1787676934217571300,2026-08-25T23:55:34.217+07:00,95333570685600,95333601328100,30.642
208,1787676934355974100,2026-08-25T23:55:34.355+07:00,95333748394700,95333725668900,22.726
209,1787676934502318100,2026-08-25T23:55:34.502+07:00,95333870845100,95333840755400,30.090
210,1787676934613664700,2026-08-25T23:55:34.613+07:00,95333994673400,95334021341000,26.668
211,1787676934723973300,2026-08-25T23:55:34.723+07:00,95334113573900,95334086560300,27.014
212,1787676934837680900,2026-08-25T23:55:34.837+07:00,95334229374900,95334206718000,22.657
213,1787676934975933600,2026-08-25T23:55:34.975+07:00,95334359575300,95334320413300,39.162
214,1787676935102591500,2026-08-25T23:55:35.102+07:00,95334452109100,95334445283100,6.826
215,1787676935216951000,2026-08-25T23:55:35.216+07:00,95334624164600,95334624709600,0.545
216,1787676935323885000,2026-08-25T23:55:35.323+07:00,95334743284100,95334685322000,57.962
217,1787676935436593200,2026-08-25T23:55:35.436+07:00,95334830912200,95334797204900,33.707
218,1787676935569069100,2026-08-25T23:55:35.569+07:00,95334959133700,95334921762300,37.371
219,1787676935705960300,2026-08-25T23:55:35.705+07:00,95335086248300,95335040429400,45.819
220,1787676935817736200,2026-08-25T23:55:35.817+07:00,95335216574000,95335227058900,10.485
221,1787676935933901300,2026-08-25T23:55:35.933+07:00,95335339713800,95335276940100,62.774
222,1787676936060813700,2026-08-25T23:55:36.060+07:00,95335419934700,95335408411000,11.524
223,1787676936189342300,2026-08-25T23:55:36.189+07:00,95335538931000,95335527257300,11.674
224,1787676936307843200,2026-08-25T23:55:36.307+07:00,95335721160800,95335706599300,14.562
225,1787676936420905300,2026-08-25T23:55:36.420+07:00,95335836578100,95335823260000,13.318
226,1787676936568826600,2026-08-25T23:55:36.568+07:00,95335929419600,95335943811700,14.392
227,1787676936714946300,2026-08-25T23:55:36.714+07:00,95336086805100,95336063280700,23.524
228,1787676936871140100,2026-08-25T23:55:36.871+07:00,95336214595600,95336240907600,26.312
229,1787676936980069200,2026-08-25T23:55:36.980+07:00,95336387649700,95336365796900,21.853
230,1787676937105597400,2026-08-25T23:55:37.105+07:00,95336501181800,95336488715600,12.466
231,1787676937250041500,2026-08-25T23:55:37.250+07:00,95336591973200,95336606058600,14.085
232,1787676937384638800,2026-08-25T23:55:37.384+07:00,95336764561000,95336785489600,20.929
233,1787676937495023500,2026-08-25T23:55:37.495+07:00,95336876707600,95336909602100,32.895
234,1787676937608102700,2026-08-25T23:55:37.608+07:00,95337012362900,95336971850800,40.512
235,1787676937740898200,2026-08-25T23:55:37.740+07:00,95337095827900,95337077914400,17.913
236,1787676937865168200,2026-08-25T23:55:37.865+07:00,95337271527300,95337271324400,0.203
237,1787676937973631100,2026-08-25T23:55:37.973+07:00,95337390513200,95337390334500,0.179
238,1787676938102846200,2026-08-25T23:55:38.102+07:00,95337471030800,95337443296200,27.735
239,1787676938208253100,2026-08-25T23:55:38.208+07:00,95337589191000,95337568732800,20.458
240,1787676938336730700,2026-08-25T23:55:38.336+07:00,95337716992500,95337689248400,27.744
241,1787676938468662400,2026-08-25T23:55:38.468+07:00,95337848089900,95337811821900,36.268
242,1787676938585096800,2026-08-25T23:55:38.585+07:00,95337976988400,95337985696600,8.708
243,1787676938692327800,2026-08-25T23:55:38.692+07:00,95338093886400,95338105173400,11.287
244,1787676938797892000,2026-08-25T23:55:38.797+07:00,95338180417200,95338166546900,13.870
245,1787676938946994300,2026-08-25T23:55:38.947+07:00,95338312097400,95338286504100,25.593
246,1787676939079210300,2026-08-25T23:55:39.079+07:00,95338428396300,95338462647100,34.251
247,1787676939183326000,2026-08-25T23:55:39.183+07:00,95338591855300,95338581227200,10.628
248,1787676939295106000,2026-08-25T23:55:39.295+07:00,95338677830100,95338702319900,24.490
249,1787676939409331500,2026-08-25T23:55:39.409+07:00,95338808751400,95338771530400,37.221
250,1787676939536324000,2026-08-25T23:55:39.536+07:00,95338930464900,95338898133700,32.331
251,1787676939674561100,2026-08-25T23:55:39.674+07:00,95339012450000,95339012114000,0.336
252,1787676939778421700,2026-08-25T23:55:39.778+07:00,95339188247800,95339183342400,4.905
253,1787676939884278400,2026-08-25T23:55:39.884+07:00,95339267939400,95339248396700,19.543
254,1787676940000881300,2026-08-25T23:55:40.000+07:00,95339401574700,95339363833800,37.741
255,1787676940148395600,2026-08-25T23:55:40.148+07:00,95339523202400,95339487242000,35.960
256,1787676940294864400,2026-08-25T23:55:40.294+07:00,95339647093200,95339669097200,22.004
257,1787676940426766300,2026-08-25T23:55:40.426+07:00,95339818635400,95339780596000,38.039
258,1787676940542318100,2026-08-25T23:55:40.542+07:00,95339939813700,95339908227200,31.587
259,1787676940687737400,2026-08-25T23:55:40.687+07:00,95340060525300,95340027201200,33.324
260,1787676940816645100,2026-08-25T23:55:40.816+07:00,95340187859300,95340205863200,18.004
261,1787676940982637600,2026-08-25T23:55:40.982+07:00,95340327786600,95340327546100,0.240
262,1787676941122313100,2026-08-25T23:55:41.122+07:00,95340489040100,95340516058000,27.018
263,1787676941260750400,2026-08-25T23:55:41.260+07:00,95340609387000,95340625492700,16.106
264,1787676941392870900,2026-08-25T23:55:41.392+07:00,95340774726000,95340747120000,27.606
265,1787676941506798400,2026-08-25T23:55:41.506+07:00,95340904507200,95340864182600,40.325
266,1787676941633768200,2026-08-25T23:55:41.633+07:00,95341025456300,95340998693300,26.763
267,1787676941764364000,2026-08-25T23:55:41.764+07:00,95341113364000,95341111920100,1.444
268,1787676941916479900,2026-08-25T23:55:41.916+07:00,95341280990700,95341286172500,5.182
269,1787676942058015400,2026-08-25T23:55:42.058+07:00,95341409224200,95341409011800,0.212
270,1787676942176043600,2026-08-25T23:55:42.176+07:00,95341573268400,95341528420600,44.848
271,1787676942314366200,2026-08-25T23:55:42.314+07:00,95341684455100,95341650189500,34.266
272,1787676942448364400,2026-08-25T23:55:42.448+07:00,95341828637000,95341828481900,0.155
273,1787676942592208200,2026-08-25T23:55:42.592+07:00,95341949702800,95341945602100,4.101
274,1787676942733893600,2026-08-25T23:55:42.733+07:00,95342081875500,95342079365700,2.510
275,1787676942861337100,2026-08-25T23:55:42.861+07:00,95342251505800,95342251333200,0.173
276,1787676943000827900,2026-08-25T23:55:43.000+07:00,95342382069600,95342381701300,0.368
277,1787676943137872800,2026-08-25T23:55:43.137+07:00,95342502696400,95342493921400,8.775
278,1787676943262441300,2026-08-25T23:55:43.262+07:00,95342665966900,95342611421700,54.545
279,1787676943400869500,2026-08-25T23:55:43.400+07:00,95342751949900,95342792086400,40.136
280,1787676943555212600,2026-08-25T23:55:43.555+07:00,95342908606900,95342914619800,6.013
281,1787676943671999100,2026-08-25T23:55:43.672+07:00,95343067997500,95343026475600,41.522
282,1787676943778783100,2026-08-25T23:55:43.778+07:00,95343159742300,95343149102800,10.639
283,1787676943887510300,2026-08-25T23:55:43.887+07:00,95343284983500,95343265732200,19.251
284,1787676944017816300,2026-08-25T23:55:44.017+07:00,95343376887800,95343388399600,11.512
285,1787676944133311700,2026-08-25T23:55:44.133+07:00,95343537350700,95343504113600,33.237
286,1787676944242403800,2026-08-25T23:55:44.242+07:00,95343621176800,95343628690600,7.514
287,1787676944382974200,2026-08-25T23:55:44.382+07:00,95343757081200,95343751248800,5.832
288,1787676944533253100,2026-08-25T23:55:44.533+07:00,95343875200100,95343871248900,3.951
289,1787676944665831500,2026-08-25T23:55:44.665+07:00,95344039805800,95344048257600,8.452
290,1787676944780893000,2026-08-25T23:55:44.780+07:00,95344173362300,95344173210000,0.152
291,1787676944890418500,2026-08-25T23:55:44.890+07:00,95344291186900,95344291352200,0.165
292,1787676944985543300,2026-08-25T23:55:44.985+07:00,95344374755600,95344350975300,23.780
293,1787676945129259700,2026-08-25T23:55:45.129+07:00,95344509291600,95344471997100,37.294
294,1787676945264144700,2026-08-25T23:55:45.264+07:00,95344636037100,95344597691400,38.346
295,1787676945380603000,2026-08-25T23:55:45.380+07:00,95344762003900,95344775250700,13.247
296,1787676945511405900,2026-08-25T23:55:45.511+07:00,95344884223800,95344891990500,7.767
297,1787676945640850400,2026-08-25T23:55:45.640+07:00,95345003224800,95345011127100,7.902
298,1787676945779841800,2026-08-25T23:55:45.779+07:00,95345135307300,95345130964800,4.343
299,1787676945956404100,2026-08-25T23:55:45.956+07:00,95345290810400,95345312043500,21.233
300,1787676946076823000,2026-08-25T23:55:46.076+07:00,95345470714000,95345438427100,32.287
301,1787676946218567700,2026-08-25T23:55:46.218+07:00,95345601979700,95345555876200,46.103
302,1787676946370541500,2026-08-25T23:55:46.370+07:00,95345724379500,95345727585300,3.206
303,1787676946532805900,2026-08-25T23:55:46.532+07:00,95345905355300,95345849233500,56.122
304,1787676946647202800,2026-08-25T23:55:46.647+07:00,95346049492000,95346026733500,22.759
305,1787676946782080800,2026-08-25T23:55:46.782+07:00,95346148032200,95346152331200,4.299
306,1787676946950142600,2026-08-25T23:55:46.950+07:00,95346304667800,95346277538600,27.129
307,1787676947080528100,2026-08-25T23:55:47.080+07:00,95346435573600,95346456192900,20.619
308,1787676947190780300,2026-08-25T23:55:47.190+07:00,95346595602200,95346581043000,14.559
309,1787676947306706600,2026-08-25T23:55:47.306+07:00,95346684270800,95346693786500,9.516
310,1787676947442899000,2026-08-25T23:55:47.442+07:00,95346815112100,95346814949500,0.163
311,1787676947585405200,2026-08-25T23:55:47.585+07:00,95346934889200,95346934541100,0.348
312,1787676947727710800,2026-08-25T23:55:47.727+07:00,95347110926700,95347113548300,2.622
313,1787676947857223600,2026-08-25T23:55:47.857+07:00,95347230383900,95347237200600,6.817
314,1787676948017203900,2026-08-25T23:55:48.017+07:00,95347362152100,95347356125500,6.027
315,1787676948154994900,2026-08-25T23:55:48.155+07:00,95347518952300,95347535685300,16.733
316,1787676948269413500,2026-08-25T23:55:48.269+07:00,95347667562800,95347667343600,0.219
317,1787676948390606900,2026-08-25T23:55:48.390+07:00,95347770439500,95347773788300,3.349
318,1787676948547284300,2026-08-25T23:55:48.547+07:00,95347914225200,95347914011200,0.214
319,1787676948692849700,2026-08-25T23:55:48.692+07:00,95348062325700,95348071620500,9.295
320,1787676948824056400,2026-08-25T23:55:48.824+07:00,95348189784100,95348189981400,0.197
321,1787676948953343400,2026-08-25T23:55:48.953+07:00,95348319179800,95348319483800,0.304
322,1787676949088578600,2026-08-25T23:55:49.088+07:00,95348477799900,95348437259600,40.540
323,1787676949228894000,2026-08-25T23:55:49.228+07:00,95348605012000,95348616415200,11.403
324,1787676949363717300,2026-08-25T23:55:49.363+07:00,95348741695900,95348740100500,1.595
325,1787676949500321600,2026-08-25T23:55:49.500+07:00,95348868286200,95348853497700,14.789
326,1787676949643800400,2026-08-25T23:55:49.643+07:00,95349025437700,95348972547000,52.891
327,1787676949792707900,2026-08-25T23:55:49.792+07:00,95349152929900,95349157136300,4.206
328,1787676949944862500,2026-08-25T23:55:49.944+07:00,95349279236700,95349278968800,0.268
329,1787676950081174200,2026-08-25T23:55:50.081+07:00,95349460442900,95349460143500,0.299
330,1787676950241794700,2026-08-25T23:55:50.241+07:00,95349583602800,95349583235400,0.367
331,1787676950392240400,2026-08-25T23:55:50.392+07:00,95349746142100,95349772738400,26.596
332,1787676950508009600,2026-08-25T23:55:50.508+07:00,95349910246600,95349878686400,31.560
333,1787676950635692200,2026-08-25T23:55:50.635+07:00,95349999271000,95349998503700,0.767
334,1787676950817366100,2026-08-25T23:55:50.817+07:00,95350159845300,95350125837600,34.008
335,1787676950982629400,2026-08-25T23:55:50.982+07:00,95350322948600,95350290138800,32.810
336,1787676951092423100,2026-08-25T23:55:51.092+07:00,95350491503400,95350481918600,9.585
337,1787676951215372000,2026-08-25T23:55:51.215+07:00,95350576285300,95350594005000,17.720
338,1787676951364309700,2026-08-25T23:55:51.364+07:00,95350701134800,95350719750600,18.616
339,1787676951520258700,2026-08-25T23:55:51.520+07:00,95350879427900,95350896709800,17.282
340,1787676951655567300,2026-08-25T23:55:51.655+07:00,95351035228000,95351021028900,14.199
341,1787676951790374600,2026-08-25T23:55:51.790+07:00,95351166608100,95351138020700,28.587
342,1787676951933176700,2026-08-25T23:55:51.933+07:00,95351314739800,95351254077600,60.662
343,1787676952121338900,2026-08-25T23:55:52.121+07:00,95351455711300,95351434998500,20.713
344,1787676952248223300,2026-08-25T23:55:52.248+07:00,95351622628400,95351622443500,0.185
345,1787676952381768500,2026-08-25T23:55:52.381+07:00,95351747219600,95351735731200,11.488
346,1787676952529333900,2026-08-25T23:55:52.529+07:00,95351870223900,95351852937400,17.287
347,1787676952688553200,2026-08-25T23:55:52.688+07:00,95352042009500,95352041527700,0.482
348,1787676952824348000,2026-08-25T23:55:52.824+07:00,95352168614100,95352159068300,9.546
349,1787676952969510500,2026-08-25T23:55:52.969+07:00,95352341487200,95352339938200,1.549
350,1787676953108815000,2026-08-25T23:55:53.108+07:00,95352473278400,95352495816900,22.538
351,1787676953257009200,2026-08-25T23:55:53.257+07:00,95352637336500,95352642043300,4.707
352,1787676953393733800,2026-08-25T23:55:53.393+07:00,95352743610900,95352758243700,14.633
353,1787676953538845600,2026-08-25T23:55:53.538+07:00,95352888844000,95352881615100,7.229
354,1787676953687424500,2026-08-25T23:55:53.687+07:00,95353050677600,95353059176000,8.498
355,1787676953829734800,2026-08-25T23:55:53.829+07:00,95353213339800,95353181857700,31.482
356,1787676953962935700,2026-08-25T23:55:53.962+07:00,95353353711900,95353354110000,0.398
357,1787676954103071800,2026-08-25T23:55:54.103+07:00,95353466584100,95353477421800,10.838
358,1787676954254751100,2026-08-25T23:55:54.254+07:00,95353606731200,95353599846400,6.885
359,1787676954403521200,2026-08-25T23:55:54.403+07:00,95353763895000,95353783736300,19.841
360,1787676954560822100,2026-08-25T23:55:54.560+07:00,95353937534000,95353901459300,36.075
361,1787676954701412700,2026-08-25T23:55:54.701+07:00,95354059527500,95354092312100,32.785
362,1787676954860656900,2026-08-25T23:55:54.860+07:00,95354229382800,95354208374500,21.008
363,1787676955021121100,2026-08-25T23:55:55.021+07:00,95354390690800,95354379130500,11.560
364,1787676955163633200,2026-08-25T23:55:55.163+07:00,95354561702700,95354559328500,2.374
365,1787676955305162700,2026-08-25T23:55:55.305+07:00,95354693190300,95354677671100,15.519
366,1787676955465069500,2026-08-25T23:55:55.465+07:00,95354814622000,95354798194300,16.428
367,1787676955634960600,2026-08-25T23:55:55.634+07:00,95354982282600,95354982903700,0.621
368,1787676955764983500,2026-08-25T23:55:55.764+07:00,95355143511200,95355100602100,42.909
369,1787676955893984100,2026-08-25T23:55:55.893+07:00,95355284067500,95355283875300,0.192
370,1787676956039660700,2026-08-25T23:55:56.039+07:00,95355416537000,95355416000300,0.537
371,1787676956192509000,2026-08-25T23:55:56.192+07:00,95355557006600,95355531526400,25.480
372,1787676956364413000,2026-08-25T23:55:56.364+07:00,95355682670600,95355646658500,36.012
373,1787676956515431200,2026-08-25T23:55:56.515+07:00,95355868600200,95355883344100,14.744
374,1787676956699958400,2026-08-25T23:55:56.699+07:00,95356016952900,95356006577000,10.376
375,1787676956858423800,2026-08-25T23:55:56.858+07:00,95356192146800,95356181479400,10.667
376,1787676957004941300,2026-08-25T23:55:57.004+07:00,95356369702000,95356360076000,9.626
377,1787676957133294300,2026-08-25T23:55:57.133+07:00,95356513579500,95356481151600,32.428
378,1787676957294874700,2026-08-25T23:55:57.294+07:00,95356605146900,95356604898200,0.249
379,1787676957470155300,2026-08-25T23:55:57.470+07:00,95356819990000,95356786791400,33.199
380,1787676957618235000,2026-08-25T23:55:57.618+07:00,95356989183100,95356961284100,27.899
381,1787676957782148600,2026-08-25T23:55:57.782+07:00,95357104171200,95357146606100,42.435
382,1787676957940718000,2026-08-25T23:55:57.940+07:00,95357310741000,95357267625200,43.116
383,1787676958097317200,2026-08-25T23:55:58.097+07:00,95357448932500,95357448303900,0.629
384,1787676958226058600,2026-08-25T23:55:58.226+07:00,95357610626600,95357628179000,17.552
385,1787676958401737400,2026-08-25T23:55:58.401+07:00,95357732269700,95357743038000,10.768
386,1787676958562491500,2026-08-25T23:55:58.562+07:00,95357916522300,95357929588600,13.066
387,1787676958722848500,2026-08-25T23:55:58.722+07:00,95358071305600,95358040634600,30.671
388,1787676958859674100,2026-08-25T23:55:58.859+07:00,95358248367700,95358220682300,27.685
389,1787676959020618400,2026-08-25T23:55:59.020+07:00,95358365810700,95358342096500,23.714
390,1787676959185684300,2026-08-25T23:55:59.185+07:00,95358545249000,95358527154800,18.094
391,1787676959351035300,2026-08-25T23:55:59.351+07:00,95358707250100,95358707486500,0.236
392,1787676959478679200,2026-08-25T23:55:59.478+07:00,95358869402000,95358824206300,45.196
393,1787676959647226500,2026-08-25T23:55:59.647+07:00,95359002608000,95359003377200,0.769
394,1787676959827281200,2026-08-25T23:55:59.827+07:00,95359166334800,95359132371500,33.963
395,1787676959978164700,2026-08-25T23:55:59.978+07:00,95359333350100,95359306248900,27.101
396,1787676960103862500,2026-08-25T23:56:00.103+07:00,95359464786900,95359484884000,20.097
397,1787676960262800300,2026-08-25T23:56:00.262+07:00,95359585886800,95359602495200,16.608
398,1787676960412812100,2026-08-25T23:56:00.412+07:00,95359744972400,95359784578800,39.606
399,1787676960576821400,2026-08-25T23:56:00.576+07:00,95359919307100,95359901100400,18.207
400,1787676960719235100,2026-08-25T23:56:00.719+07:00,95360090903600,95360079950800,10.953
401,1787676960890181500,2026-08-25T23:56:00.890+07:00,95360219425500,95360201919900,17.506
402,1787676961072927500,2026-08-25T23:56:01.072+07:00,95360408205400,95360381835400,26.370
403,1787676961252583200,2026-08-25T23:56:01.252+07:00,95360590092400,95360564173400,25.919
404,1787676961416956800,2026-08-25T23:56:01.416+07:00,95360763745900,95360747650500,16.095
405,1787676961602054400,2026-08-25T23:56:01.602+07:00,95360932578400,95360932134500,0.444
406,1787676961760796700,2026-08-25T23:56:01.760+07:00,95361085555700,95361107165000,21.609
407,1787676961952968200,2026-08-25T23:56:01.952+07:00,95361263239700,95361285044200,21.805
408,1787676962132060100,2026-08-25T23:56:02.132+07:00,95361466606100,95361470583000,3.977
409,1787676962297176700,2026-08-25T23:56:02.297+07:00,95361650219400,95361650015300,0.204
410,1787676962446034000,2026-08-25T23:56:02.446+07:00,95361802935800,95361771013400,31.922
411,1787676962637478700,2026-08-25T23:56:02.637+07:00,95361948511700,95361947707600,0.804
412,1787676962807642400,2026-08-25T23:56:02.807+07:00,95362134923600,95362124289000,10.635
413,1787676962973004800,2026-08-25T23:56:02.973+07:00,95362311569300,95362309862200,1.707
414,1787676963136929700,2026-08-25T23:56:03.136+07:00,95362475217800,95362485011500,9.794
415,1787676963325722300,2026-08-25T23:56:03.325+07:00,95362642637600,95362668143100,25.506
416,1787676963480015900,2026-08-25T23:56:03.480+07:00,95362854020300,95362853820100,0.200
417,1787676963615989200,2026-08-25T23:56:03.615+07:00,95362975243800,95362968241100,7.003
418,1787676963760652600,2026-08-25T23:56:03.760+07:00,95363105990600,95363078193300,27.797
419,1787676963938497200,2026-08-25T23:56:03.938+07:00,95363286745500,95363266903800,19.842
420,1787676964089508900,2026-08-25T23:56:04.089+07:00,95363459374500,95363446398700,12.976
421,1787676964236671500,2026-08-25T23:56:04.236+07:00,95363605596600,95363564334100,41.263
422,1787676964386815500,2026-08-25T23:56:04.386+07:00,95363729008100,95363745425800,16.418
423,1787676964571734600,2026-08-25T23:56:04.571+07:00,95363909746800,95363866898400,42.848
424,1787676964725913500,2026-08-25T23:56:04.725+07:00,95364070705900,95364044118400,26.587
425,1787676964858838800,2026-08-25T23:56:04.858+07:00,95364231213800,95364230666600,0.547
426,1787676965010788800,2026-08-25T23:56:05.010+07:00,95364352405300,95364352593400,0.188
427,1787676965187161300,2026-08-25T23:56:05.187+07:00,95364529556300,95364529740100,0.184
428,1787676965340687600,2026-08-25T23:56:05.340+07:00,95364689926700,95364709635400,19.709
429,1787676965485197400,2026-08-25T23:56:05.485+07:00,95364862884000,95364821120300,41.764
430,1787676965651918300,2026-08-25T23:56:05.651+07:00,95364987016100,95365011466800,24.451
431,1787676965844337100,2026-08-25T23:56:05.844+07:00,95365152970600,95365129447100,23.523
432,1787676965990654900,2026-08-25T23:56:05.990+07:00,95365372058000,95365362357800,9.700
433,1787676966140344300,2026-08-25T23:56:06.140+07:00,95365492991500,95365492821200,0.170
434,1787676966298780500,2026-08-25T23:56:06.298+07:00,95365660084200,95365623031400,37.053
435,1787676966468161700,2026-08-25T23:56:06.468+07:00,95365818854200,95365790146000,28.708
436,1787676966604951200,2026-08-25T23:56:06.604+07:00,95365986496100,95365966258500,20.238
437,1787676966755192500,2026-08-25T23:56:06.755+07:00,95366119129300,95366087060200,32.069
438,1787676966917851700,2026-08-25T23:56:06.917+07:00,95366276094100,95366268475800,7.618
439,1787676967103242600,2026-08-25T23:56:07.103+07:00,95366447251700,95366451330100,4.078
440,1787676967246805900,2026-08-25T23:56:07.246+07:00,95366611596600,95366627427200,15.831
441,1787676967385611700,2026-08-25T23:56:07.385+07:00,95366735986400,95366753781300,17.795
442,1787676967576144800,2026-08-25T23:56:07.576+07:00,95366904847000,95366878545100,26.302
443,1787676967741234700,2026-08-25T23:56:07.741+07:00,95367078589200,95367106149200,27.560
444,1787676967870913800,2026-08-25T23:56:07.870+07:00,95367265087000,95367228969800,36.117
445,1787676968010010700,2026-08-25T23:56:08.010+07:00,95367370404100,95367348488000,21.916
446,1787676968179892600,2026-08-25T23:56:08.179+07:00,95367497128000,95367482412900,14.715
447,1787676968351210900,2026-08-25T23:56:08.351+07:00,95367678299900,95367712897500,34.598
448,1787676968489928700,2026-08-25T23:56:08.489+07:00,95367875225500,95367830877600,44.348
449,1787676968677912900,2026-08-25T23:56:08.677+07:00,95367997458200,95368016201200,18.743
450,1787676968845068700,2026-08-25T23:56:08.845+07:00,95368212387400,95368189212500,23.175
451,1787676968994007900,2026-08-25T23:56:08.994+07:00,95368337294100,95368372653200,35.359
452,1787676969154061400,2026-08-25T23:56:09.154+07:00,95368509129300,95368492381800,16.747
453,1787676969379645500,2026-08-25T23:56:09.379+07:00,95368678683400,95368678462800,0.221
454,1787676969545911800,2026-08-25T23:56:09.545+07:00,95368885102600,95368914072300,28.970
455,1787676969709450400,2026-08-25T23:56:09.709+07:00,95369045856600,95369032402600,13.454
456,1787676969886428000,2026-08-25T23:56:09.886+07:00,95369201304300,95369210496100,9.192
457,1787676970049086800,2026-08-25T23:56:10.049+07:00,95369380162800,95369390959400,10.797
458,1787676970196110700,2026-08-25T23:56:10.196+07:00,95369544100300,95369570013300,25.913
459,1787676970346564100,2026-08-25T23:56:10.346+07:00,95369682401300,95369691561300,9.160
460,1787676970541330600,2026-08-25T23:56:10.541+07:00,95369849595400,95369811765000,37.830
461,1787676970704111900,2026-08-25T23:56:10.704+07:00,95370056769200,95370053891600,2.878
462,1787676970863874600,2026-08-25T23:56:10.863+07:00,95370222329800,95370175491200,46.839
463,1787676971048818800,2026-08-25T23:56:11.048+07:00,95370378381800,95370350893100,27.489
464,1787676971219119500,2026-08-25T23:56:11.219+07:00,95370558836500,95370537749500,21.087
465,1787676971389280800,2026-08-25T23:56:11.389+07:00,95370722890400,95370712227600,10.663
466,1787676971573202400,2026-08-25T23:56:11.573+07:00,95370898935700,95370898111900,0.824
467,1787676971736346400,2026-08-25T23:56:11.736+07:00,95371106381100,95371071623000,34.758
468,1787676971906149500,2026-08-25T23:56:11.906+07:00,95371263314300,95371263480200,0.166
469,1787676972080684900,2026-08-25T23:56:12.080+07:00,95371440911200,95371440442000,0.469
470,1787676972244271600,2026-08-25T23:56:12.244+07:00,95371601071400,95371558687400,42.384
471,1787676972380516900,2026-08-25T23:56:12.380+07:00,95371729766000,95371730020600,0.255
472,1787676972556313000,2026-08-25T23:56:12.556+07:00,95371908887800,95371860666300,48.221
473,1787676972727392600,2026-08-25T23:56:12.727+07:00,95372067636700,95372033960100,33.677
474,1787676972890993500,2026-08-25T23:56:12.891+07:00,95372234968400,95372214179200,20.789
475,1787676973029645300,2026-08-25T23:56:13.029+07:00,95372388201300,95372395617400,7.416
476,1787676973196980700,2026-08-25T23:56:13.196+07:00,95372525174400,95372526864800,1.690
477,1787676973365959100,2026-08-25T23:56:13.365+07:00,95372713247700,95372703371800,9.876
478,1787676973535234400,2026-08-25T23:56:13.535+07:00,95372902422300,95372874562500,27.860
479,1787676973698465300,2026-08-25T23:56:13.698+07:00,95373028412500,95373054590000,26.177
480,1787676973858503800,2026-08-25T23:56:13.858+07:00,95373193281300,95373175946600,17.335
481,1787676974024977200,2026-08-25T23:56:14.024+07:00,95373366289000,95373360682500,5.606
482,1787676974188479900,2026-08-25T23:56:14.188+07:00,95373523889000,95373534557300,10.668
483,1787676974366524100,2026-08-25T23:56:14.366+07:00,95373702880600,95373658851900,44.029
484,1787676974525902100,2026-08-25T23:56:14.525+07:00,95373865315800,95373837204100,28.112
485,1787676974691525500,2026-08-25T23:56:14.691+07:00,95374034714300,95374029701900,5.012
486,1787676974851751800,2026-08-25T23:56:14.851+07:00,95374202657400,95374199018900,3.639
487,1787676975011651900,2026-08-25T23:56:15.011+07:00,95374376068600,95374374266400,1.802
488,1787676975193860700,2026-08-25T23:56:15.193+07:00,95374533348700,95374497321200,36.028
489,1787676975364427300,2026-08-25T23:56:15.364+07:00,95374702842200,95374683459800,19.382
490,1787676975539056500,2026-08-25T23:56:15.539+07:00,95374871897200,95374855112800,16.784
491,1787676975709544300,2026-08-25T23:56:15.709+07:00,95375044693900,95375036874700,7.819
492,1787676975900334500,2026-08-25T23:56:15.900+07:00,95375199241800,95375211802700,12.561
493,1787676976063009000,2026-08-25T23:56:16.063+07:00,95375411035500,95375394110900,16.925
494,1787676976224567100,2026-08-25T23:56:16.224+07:00,95375586298000,95375585729200,0.569
495,1787676976377163700,2026-08-25T23:56:16.377+07:00,95375745695600,95375695137000,50.559
496,1787676976536063300,2026-08-25T23:56:16.536+07:00,95375876678000,95375882122700,5.445
497,1787676976695472200,2026-08-25T23:56:16.695+07:00,95376045332100,95376059096700,13.765
498,1787676976871006400,2026-08-25T23:56:16.871+07:00,95376211015000,95376180022300,30.993
499,1787676977018444400,2026-08-25T23:56:17.018+07:00,95376390279000,95376356757300,33.522
500,1787676977178624900,2026-08-25T23:56:17.178+07:00,95376547244500,95376538436800,8.808
501,1787676977328114700,2026-08-25T23:56:17.328+07:00,95376704166800,95376717215500,13.049
502,1787676977502374800,2026-08-25T23:56:17.502+07:00,95376834095900,95376835444100,1.348
503,1787676977649365100,2026-08-25T23:56:17.649+07:00,95376996465500,95377016347100,19.882
504,1787676977812698300,2026-08-25T23:56:17.812+07:00,95377174079700,95377142300300,31.779
505,1787676977973748900,2026-08-25T23:56:17.973+07:00,95377339537800,95377316012200,23.526
506,1787676978141931700,2026-08-25T23:56:18.141+07:00,95377473057700,95377498130700,25.073
507,1787676978288076000,2026-08-25T23:56:18.288+07:00,95377636215700,95377617993800,18.222
508,1787676978472693400,2026-08-25T23:56:18.472+07:00,95377802345200,95377803498800,1.154
509,1787676978674633100,2026-08-25T23:56:18.674+07:00,95378001425500,95377983644200,17.781
510,1787676978833379800,2026-08-25T23:56:18.833+07:00,95378180076300,95378156334600,23.742
511,1787676978995345700,2026-08-25T23:56:18.995+07:00,95378345063600,95378344818000,0.246
512,1787676979192724000,2026-08-25T23:56:19.192+07:00,95378523931000,95378523723300,0.208
513,1787676979349167200,2026-08-25T23:56:19.349+07:00,95378691655900,95378699841800,8.186
514,1787676979524724300,2026-08-25T23:56:19.524+07:00,95378842121900,95378878253500,36.132
515,1787676979678710400,2026-08-25T23:56:19.678+07:00,95379015150000,95379004993300,10.157
516,1787676979872540100,2026-08-25T23:56:19.872+07:00,95379183139300,95379182923700,0.216
517,1787676980034380000,2026-08-25T23:56:20.034+07:00,95379390088400,95379361226100,28.862
518,1787676980214768200,2026-08-25T23:56:20.214+07:00,95379555099300,95379538106000,16.993
519,1787676980402175400,2026-08-25T23:56:20.402+07:00,95379729831400,95379721579000,8.252
520,1787676980566918600,2026-08-25T23:56:20.566+07:00,95379939578600,95379903357500,36.221
521,1787676980709916900,2026-08-25T23:56:20.709+07:00,95380053205000,95380081039000,27.834
522,1787676980881407600,2026-08-25T23:56:20.881+07:00,95380229663200,95380200819200,28.844
523,1787676981039217000,2026-08-25T23:56:21.039+07:00,95380394000000,95380387236500,6.763
524,1787676981222320800,2026-08-25T23:56:21.222+07:00,95380523224100,95380561420100,38.196
525,1787676981386013800,2026-08-25T23:56:21.386+07:00,95380736739300,95380736913900,0.175
526,1787676981557743300,2026-08-25T23:56:21.557+07:00,95380902671500,95380860813900,41.858
527,1787676981716188400,2026-08-25T23:56:21.716+07:00,95381075113400,95381045719500,29.394
528,1787676981859972700,2026-08-25T23:56:21.859+07:00,95381242147500,95381220204600,21.943
529,1787676982026471200,2026-08-25T23:56:22.026+07:00,95381372250100,95381344139700,28.110
530,1787676982190976300,2026-08-25T23:56:22.190+07:00,95381529411100,95381528936200,0.475
531,1787676982344066800,2026-08-25T23:56:22.344+07:00,95381703449100,95381706460300,3.011
532,1787676982483271200,2026-08-25T23:56:22.483+07:00,95381853953500,95381827287800,26.666
533,1787676982635234000,2026-08-25T23:56:22.635+07:00,95381993073200,95381951006600,42.067
534,1787676982799989200,2026-08-25T23:56:22.799+07:00,95382156138200,95382123345900,32.792
535,1787676982957782500,2026-08-25T23:56:22.957+07:00,95382324719200,95382301762300,22.957
536,1787676983087394300,2026-08-25T23:56:23.087+07:00,95382447069300,95382426670800,20.398
537,1787676983233409300,2026-08-25T23:56:23.233+07:00,95382572650500,95382611639900,38.989
538,1787676983395705300,2026-08-25T23:56:23.395+07:00,95382738991300,95382723264200,15.727
539,1787676983562704700,2026-08-25T23:56:23.562+07:00,95382908774100,95382908540100,0.234
540,1787676983699314400,2026-08-25T23:56:23.699+07:00,95383077593300,95383085036900,7.444
541,1787676983845631100,2026-08-25T23:56:23.845+07:00,95383205637500,95383203771100,1.866
542,1787676984028961800,2026-08-25T23:56:24.028+07:00,95383372799900,95383319526900,53.273
543,1787676984185819500,2026-08-25T23:56:24.185+07:00,95383542898200,95383504700200,38.198
544,1787676984334876400,2026-08-25T23:56:24.334+07:00,95383705108300,95383684763700,20.345
545,1787676984495039300,2026-08-25T23:56:24.495+07:00,95383841929100,95383805116700,36.812
546,1787676984678292200,2026-08-25T23:56:24.678+07:00,95383998162400,95383997767900,0.395
547,1787676984836735300,2026-08-25T23:56:24.836+07:00,95384175993900,95384172038500,3.955
548,1787676985023248600,2026-08-25T23:56:25.023+07:00,95384339826300,95384346948200,7.122
549,1787676985196367200,2026-08-25T23:56:25.196+07:00,95384546763400,95384522086200,24.677
550,1787676985365096700,2026-08-25T23:56:25.365+07:00,95384715605800,95384709851600,5.754
551,1787676985533157400,2026-08-25T23:56:25.533+07:00,95384887504800,95384887715800,0.211
552,1787676985697809700,2026-08-25T23:56:25.697+07:00,95385044237500,95385069637900,25.400
553,1787676985856897900,2026-08-25T23:56:25.856+07:00,95385223304800,95385192825900,30.479
554,1787676986020859900,2026-08-25T23:56:26.020+07:00,95385335768100,95385363490500,27.722
555,1787676986195111500,2026-08-25T23:56:26.195+07:00,95385509729000,95385544165900,34.437
556,1787676986358178100,2026-08-25T23:56:26.358+07:00,95385686532400,95385673755000,12.777
557,1787676986519427300,2026-08-25T23:56:26.519+07:00,95385849538300,95385849762700,0.224
558,1787676986689521100,2026-08-25T23:56:26.689+07:00,95386053885600,95386023274600,30.611
559,1787676986835056000,2026-08-25T23:56:26.835+07:00,95386167851700,95386210596200,42.745
560,1787676987004147200,2026-08-25T23:56:27.004+07:00,95386346164800,95386327904700,18.260
561,1787676987167207700,2026-08-25T23:56:27.167+07:00,95386523427300,95386523229200,0.198
562,1787676987350782400,2026-08-25T23:56:27.350+07:00,95386680046800,95386689203300,9.156
563,1787676987503038400,2026-08-25T23:56:27.503+07:00,95386853621000,95386866759400,13.138
564,1787676987682278000,2026-08-25T23:56:27.682+07:00,95387011969400,95386986682200,25.287
565,1787676987837490400,2026-08-25T23:56:27.837+07:00,95387177731700,95387165828100,11.904
566,1787676988015113900,2026-08-25T23:56:28.015+07:00,95387354612000,95387348857400,5.755
567,1787676988175274600,2026-08-25T23:56:28.175+07:00,95387514635300,95387525479700,10.844
568,1787676988349400500,2026-08-25T23:56:28.349+07:00,95387681679800,95387644384600,37.295
569,1787676988518559900,2026-08-25T23:56:28.518+07:00,95387854122200,95387883055600,28.933
570,1787676988666208500,2026-08-25T23:56:28.666+07:00,95388020214000,95388003628600,16.585
571,1787676988822286800,2026-08-25T23:56:28.822+07:00,95388179921600,95388184485000,4.563
572,1787676989004377700,2026-08-25T23:56:29.004+07:00,95388335891400,95388335521200,0.370
573,1787676989166967300,2026-08-25T23:56:29.166+07:00,95388521363200,95388487581800,33.781
574,1787676989312763700,2026-08-25T23:56:29.312+07:00,95388688546900,95388668990300,19.557
575,1787676989493206700,2026-08-25T23:56:29.493+07:00,95388836942500,95388787760000,49.182
576,1787676989694156000,2026-08-25T23:56:29.694+07:00,95389029103600,95389030271200,1.168
577,1787676989835228100,2026-08-25T23:56:29.835+07:00,95389195014700,95389206142400,11.128
578,1787676990006793200,2026-08-25T23:56:30.006+07:00,95389363333100,95389328271400,35.062
579,1787676990181256700,2026-08-25T23:56:30.181+07:00,95389530326900,95389506784000,23.543
580,1787676990327136700,2026-08-25T23:56:30.327+07:00,95389702378400,95389688705400,13.673
581,1787676990466366800,2026-08-25T23:56:30.466+07:00,95389819651700,95389813570200,6.082
582,1787676990644208000,2026-08-25T23:56:30.644+07:00,95389986628700,95389995777100,9.148
583,1787676990804357900,2026-08-25T23:56:30.804+07:00,95390155823700,95390177525000,21.701
584,1787676990949684600,2026-08-25T23:56:30.949+07:00,95390325247000,95390295837600,29.409
585,1787676991085516600,2026-08-25T23:56:31.085+07:00,95390444931300,95390477317000,32.386
586,1787676991259924700,2026-08-25T23:56:31.259+07:00,95390572846200,95390596451400,23.605
587,1787676991430827200,2026-08-25T23:56:31.430+07:00,95390787327800,95390769980100,17.348
588,1787676991577494800,2026-08-25T23:56:31.577+07:00,95390947748300,95390951567700,3.819
589,1787676991747603900,2026-08-25T23:56:31.747+07:00,95391079797100,95391072841200,6.956
590,1787676991917999500,2026-08-25T23:56:31.918+07:00,95391247331700,95391251433700,4.102
591,1787676992080261600,2026-08-25T23:56:32.080+07:00,95391454266200,95391432906100,21.360
592,1787676992263325300,2026-08-25T23:56:32.263+07:00,95391586840700,95391555297700,31.543
593,1787676992446850400,2026-08-25T23:56:32.446+07:00,95391795410000,95391795202800,0.207
594,1787676992621541800,2026-08-25T23:56:32.621+07:00,95391959920500,95391970584000,10.664
595,1787676992793634100,2026-08-25T23:56:32.793+07:00,95392135817600,95392093291900,42.526
596,1787676992951405300,2026-08-25T23:56:32.951+07:00,95392285715400,95392271444600,14.271
597,1787676993127616000,2026-08-25T23:56:33.127+07:00,95392461227200,95392461582000,0.355
598,1787676993300163400,2026-08-25T23:56:33.300+07:00,95392627341100,95392631900000,4.559
599,1787676993450460300,2026-08-25T23:56:33.450+07:00,95392792407700,95392810255400,17.848
600,1787676993619217300,2026-08-25T23:56:33.619+07:00,95392963832000,95392930436900,33.395
601,1787676993776281000,2026-08-25T23:56:33.776+07:00,95393123407700,95393112685000,10.723
602,1787676993955958400,2026-08-25T23:56:33.955+07:00,95393301888900,95393295467500,6.421
603,1787676994116259900,2026-08-25T23:56:34.116+07:00,95393475888400,95393479932300,4.044
604,1787676994270240500,2026-08-25T23:56:34.270+07:00,95393634868900,95393595157400,39.712
605,1787676994433498500,2026-08-25T23:56:34.433+07:00,95393759481900,95393774382300,14.900
606,1787676994629606700,2026-08-25T23:56:34.629+07:00,95393968898400,95393954190100,14.708
607,1787676994784740900,2026-08-25T23:56:34.784+07:00,95394143397000,95394134537500,8.860
608,1787676994963759000,2026-08-25T23:56:34.963+07:00,95394313910400,95394313719200,0.191
609,1787676995144058300,2026-08-25T23:56:35.144+07:00,95394470456300,95394486709900,16.254
610,1787676995325366500,2026-08-25T23:56:35.325+07:00,95394682915000,95394676198600,6.716
611,1787676995461358400,2026-08-25T23:56:35.461+07:00,95394810167000,95394792840700,17.326
612,1787676995643531200,2026-08-25T23:56:35.643+07:00,95394972460200,95394971331600,1.129
613,1787676995819179800,2026-08-25T23:56:35.819+07:00,95395178608600,95395154015200,24.593
614,1787676995966390400,2026-08-25T23:56:35.966+07:00,95395296656200,95395338507900,41.852
615,1787676996130793500,2026-08-25T23:56:36.130+07:00,95395474538400,95395461841000,12.697
616,1787676996337595800,2026-08-25T23:56:36.337+07:00,95395650209600,95395646428000,3.782
617,1787676996503474200,2026-08-25T23:56:36.503+07:00,95395859481000,95395815366400,44.115
618,1787676996664213700,2026-08-25T23:56:36.664+07:00,95396018205300,95395991806000,26.399
619,1787676996843707000,2026-08-25T23:56:36.843+07:00,95396189139900,95396172430500,16.709
620,1787676996998023000,2026-08-25T23:56:36.998+07:00,95396360781300,95396351968100,8.813
621,1787676997160420900,2026-08-25T23:56:37.160+07:00,95396525562600,95396474083800,51.479
622,1787676997309988900,2026-08-25T23:56:37.309+07:00,95396688690200,95396660103900,28.586
623,1787676997469509900,2026-08-25T23:56:37.469+07:00,95396812726500,95396829528600,16.802
624,1787676997621221700,2026-08-25T23:56:37.621+07:00,95396984674900,95396968282800,16.392
625,1787676997788950600,2026-08-25T23:56:37.788+07:00,95397152881900,95397138228900,14.653
626,1787676997935212500,2026-08-25T23:56:37.935+07:00,95397287077200,95397315371900,28.295
627,1787676998091912600,2026-08-25T23:56:38.091+07:00,95397450187700,95397445952200,4.236
628,1787676998254939100,2026-08-25T23:56:38.254+07:00,95397607604600,95397614626000,7.021
629,1787676998419084300,2026-08-25T23:56:38.419+07:00,95397780152600,95397738020500,42.132
630,1787676998579197000,2026-08-25T23:56:38.579+07:00,95397950267100,95397918710300,31.557
631,1787676998729300200,2026-08-25T23:56:38.729+07:00,95398080855000,95398097213800,16.359
632,1787676998895308000,2026-08-25T23:56:38.895+07:00,95398237490800,95398214156400,23.334
633,1787676999049982600,2026-08-25T23:56:39.049+07:00,95398408674600,95398408456500,0.218
634,1787676999201650400,2026-08-25T23:56:39.201+07:00,95398577490500,95398577210000,0.281
635,1787676999355458400,2026-08-25T23:56:39.355+07:00,95398703259900,95398702895000,0.365
636,1787676999518434300,2026-08-25T23:56:39.518+07:00,95398877835400,95398878833000,0.998
637,1787676999659271800,2026-08-25T23:56:39.659+07:00,95399037052400,95398998762900,38.289
638,1787676999817785800,2026-08-25T23:56:39.817+07:00,95399160202300,95399174707700,14.505
639,1787676999970285600,2026-08-25T23:56:39.970+07:00,95399332475800,95399298158000,34.318
640,1787677000120437700,2026-08-25T23:56:40.120+07:00,95399493325500,95399476061500,17.264
641,1787677000270693100,2026-08-25T23:56:40.270+07:00,95399611608700,95399598848700,12.760
642,1787677000415542500,2026-08-25T23:56:40.415+07:00,95399788093900,95399776241700,11.852
643,1787677000568757300,2026-08-25T23:56:40.568+07:00,95399918522900,95399897242300,21.281
644,1787677000718475200,2026-08-25T23:56:40.718+07:00,95400084523100,95400084316000,0.207
645,1787677000865759900,2026-08-25T23:56:40.865+07:00,95400213945600,95400201610000,12.336
646,1787677001032210500,2026-08-25T23:56:41.032+07:00,95400383715000,95400380191300,3.524
647,1787677001211136800,2026-08-25T23:56:41.211+07:00,95400549045700,95400504579100,44.467
648,1787677001346170300,2026-08-25T23:56:41.346+07:00,95400703247100,95400739508300,36.261
649,1787677001509723300,2026-08-25T23:56:41.509+07:00,95400849377900,95400855804700,6.427
650,1787677001662318200,2026-08-25T23:56:41.662+07:00,95401042100400,95401042297100,0.197
651,1787677001838090200,2026-08-25T23:56:41.838+07:00,95401178572800,95401156335400,22.237
652,1787677001989230200,2026-08-25T23:56:41.989+07:00,95401359237600,95401354054500,5.183
653,1787677002156939600,2026-08-25T23:56:42.156+07:00,95401507774400,95401519729700,11.955
654,1787677002301731400,2026-08-25T23:56:42.301+07:00,95401681270000,95401640911200,40.359
655,1787677002467522900,2026-08-25T23:56:42.467+07:00,95401835532200,95401821535800,13.996
656,1787677002604959400,2026-08-25T23:56:42.604+07:00,95401960889800,95401938004600,22.885
657,1787677002758287100,2026-08-25T23:56:42.758+07:00,95402130605500,95402117698900,12.907
658,1787677002932663400,2026-08-25T23:56:42.932+07:00,95402267470300,95402241169000,26.301
659,1787677003100101300,2026-08-25T23:56:43.100+07:00,95402469480700,95402416706100,52.775
660,1787677003254113800,2026-08-25T23:56:43.254+07:00,95402631437100,95402600172000,31.265
661,1787677003405947100,2026-08-25T23:56:43.405+07:00,95402757683700,95402778850200,21.166
662,1787677003552402100,2026-08-25T23:56:43.552+07:00,95402937784600,95402905554200,32.230
663,1787677003701026000,2026-08-25T23:56:43.701+07:00,95403058051400,95403079692400,21.641
664,1787677003852753400,2026-08-25T23:56:43.852+07:00,95403230210400,95403206495200,23.715
665,1787677004018415100,2026-08-25T23:56:44.018+07:00,95403352084500,95403380259900,28.175
666,1787677004158250100,2026-08-25T23:56:44.158+07:00,95403518251700,95403498726700,19.525
667,1787677004306066600,2026-08-25T23:56:44.306+07:00,95403688989800,95403687037500,1.952
668,1787677004453269600,2026-08-25T23:56:44.453+07:00,95403814591600,95403805717500,8.874
669,1787677004613594400,2026-08-25T23:56:44.613+07:00,95403974571100,95403983367900,8.797
670,1787677004759563300,2026-08-25T23:56:44.759+07:00,95404146562800,95404104106300,42.456
671,1787677004925855800,2026-08-25T23:56:44.925+07:00,95404281542200,95404283664400,2.122
672,1787677005070049900,2026-08-25T23:56:45.070+07:00,95404439466900,95404401375400,38.092
673,1787677005229539300,2026-08-25T23:56:45.229+07:00,95404562255300,95404577871700,15.616
674,1787677005396131400,2026-08-25T23:56:45.396+07:00,95404752942800,95404761610200,8.667
675,1787677005537978500,2026-08-25T23:56:45.537+07:00,95404907484900,95404884208300,23.277
676,1787677005700384000,2026-08-25T23:56:45.700+07:00,95405062095900,95405066285900,4.190
677,1787677005847166200,2026-08-25T23:56:45.847+07:00,95405201425300,95405180394700,21.031
678,1787677006000918600,2026-08-25T23:56:46.000+07:00,95405363247200,95405363079700,0.168
679,1787677006168778300,2026-08-25T23:56:46.168+07:00,95405527475100,95405482379400,45.096
680,1787677006325753400,2026-08-25T23:56:46.325+07:00,95405697674300,95405662419300,35.255
681,1787677006484934500,2026-08-25T23:56:46.485+07:00,95405819209800,95405839749000,20.539
682,1787677006668430000,2026-08-25T23:56:46.668+07:00,95405991837800,95405961626900,30.211
683,1787677006825443400,2026-08-25T23:56:46.825+07:00,95406188991000,95406144729200,44.262
684,1787677006996570600,2026-08-25T23:56:46.996+07:00,95406356015900,95406325910100,30.106
685,1787677007153881700,2026-08-25T23:56:47.153+07:00,95406506572100,95406505867600,0.705
686,1787677007306555700,2026-08-25T23:56:47.306+07:00,95406664804000,95406621585200,43.219
687,1787677007448358300,2026-08-25T23:56:47.448+07:00,95406829538000,95406800478900,29.059
688,1787677007604152200,2026-08-25T23:56:47.604+07:00,95406954974300,95406982500300,27.526
689,1787677007764305000,2026-08-25T23:56:47.764+07:00,95407117262800,95407111681100,5.582
690,1787677007916410800,2026-08-25T23:56:47.916+07:00,95407288030500,95407287684900,0.346
691,1787677008064803600,2026-08-25T23:56:48.064+07:00,95407415590500,95407415388100,0.202
692,1787677008232909200,2026-08-25T23:56:48.232+07:00,95407581788900,95407585975500,4.187
693,1787677008398283500,2026-08-25T23:56:48.398+07:00,95407754207500,95407717958200,36.249
694,1787677008563367000,2026-08-25T23:56:48.563+07:00,95407924098100,95407886431100,37.667
695,1787677008740040500,2026-08-25T23:56:48.740+07:00,95408085500300,95408062556800,22.944
696,1787677008902535100,2026-08-25T23:56:48.902+07:00,95408247741200,95408246896100,0.845
697,1787677009054302300,2026-08-25T23:56:49.054+07:00,95408406126700,95408431984300,25.858
698,1787677009193749100,2026-08-25T23:56:49.193+07:00,95408542995500,95408540031700,2.964
699,1787677009356380400,2026-08-25T23:56:49.356+07:00,95408702914600,95408723872900,20.958
700,1787677009510042300,2026-08-25T23:56:49.510+07:00,95408876946900,95408847754000,29.193
701,1787677009676009000,2026-08-25T23:56:49.676+07:00,95409041849100,95409027613400,14.236
702,1787677009832747700,2026-08-25T23:56:49.832+07:00,95409177246500,95409204865200,27.619
703,1787677009997466300,2026-08-25T23:56:49.997+07:00,95409342751600,95409326324500,16.427
704,1787677010158892700,2026-08-25T23:56:50.158+07:00,95409507819500,95409506609900,1.210
705,1787677010337910100,2026-08-25T23:56:50.337+07:00,95409678640900,95409685644900,7.004
706,1787677010484097000,2026-08-25T23:56:50.484+07:00,95409839071400,95409870460600,31.389
707,1787677010629981600,2026-08-25T23:56:50.629+07:00,95410006871800,95409987510100,19.362
708,1787677010791535000,2026-08-25T23:56:50.791+07:00,95410146077700,95410102861300,43.216
709,1787677010961926100,2026-08-25T23:56:50.961+07:00,95410301380700,95410294843500,6.537
710,1787677011119040400,2026-08-25T23:56:51.119+07:00,95410469987200,95410469791200,0.196
711,1787677011299473900,2026-08-25T23:56:51.299+07:00,95410637457800,95410648865700,11.408
712,1787677011468248400,2026-08-25T23:56:51.468+07:00,95410810520500,95410825708700,15.188
713,1787677011631536900,2026-08-25T23:56:51.631+07:00,95410971845200,95410944840100,27.005
714,1787677011768945400,2026-08-25T23:56:51.768+07:00,95411147846100,95411126808300,21.038
715,1787677011939699800,2026-08-25T23:56:51.939+07:00,95411276977800,95411244693900,32.284
716,1787677012101422200,2026-08-25T23:56:52.101+07:00,95411474347300,95411433031600,41.316
717,1787677012264020100,2026-08-25T23:56:52.264+07:00,95411595168600,95411609647500,14.479
718,1787677012428341200,2026-08-25T23:56:52.428+07:00,95411764495400,95411789007000,24.512
719,1787677012589610800,2026-08-25T23:56:52.589+07:00,95411936298500,95411962241700,25.943
720,1787677012746385700,2026-08-25T23:56:52.746+07:00,95412107868500,95412092761900,15.107
721,1787677012913540400,2026-08-25T23:56:52.913+07:00,95412273503400,95412265094800,8.409
722,1787677013078157100,2026-08-25T23:56:53.078+07:00,95412393224800,95412392923200,0.302
723,1787677013244171300,2026-08-25T23:56:53.244+07:00,95412598828300,95412567722400,31.106
724,1787677013391671800,2026-08-25T23:56:53.391+07:00,95412735416200,95412748397000,12.981
725,1787677013552945600,2026-08-25T23:56:53.552+07:00,95412897834900,95412865244600,32.590
726,1787677013694239400,2026-08-25T23:56:53.694+07:00,95413059097800,95413045424200,13.674
727,1787677013855783700,2026-08-25T23:56:53.855+07:00,95413192802200,95413224911500,32.109
728,1787677013997989700,2026-08-25T23:56:53.998+07:00,95413360217700,95413355749700,4.468
729,1787677014150436600,2026-08-25T23:56:54.150+07:00,95413511086200,95413528069000,16.983
730,1787677014311158900,2026-08-25T23:56:54.311+07:00,95413685661100,95413655451300,30.210
731,1787677014472682200,2026-08-25T23:56:54.472+07:00,95413819029300,95413828316300,9.287
732,1787677014617592500,2026-08-25T23:56:54.617+07:00,95413981460200,95413955334400,26.126
733,1787677014780356900,2026-08-25T23:56:54.780+07:00,95414148475000,95414133146700,15.328
734,1787677014926018600,2026-08-25T23:56:54.926+07:00,95414285769100,95414247796200,37.973
735,1787677015090807700,2026-08-25T23:56:55.090+07:00,95414447069400,95414433585400,13.484
736,1787677015262495100,2026-08-25T23:56:55.262+07:00,95414613287500,95414613008200,0.279
737,1787677015428178800,2026-08-25T23:56:55.428+07:00,95414791438500,95414791224100,0.214
738,1787677015571668400,2026-08-25T23:56:55.571+07:00,95414944878000,95414918097800,26.780
739,1787677015710544500,2026-08-25T23:56:55.710+07:00,95415075166400,95415093858800,18.692
740,1787677015853190100,2026-08-25T23:56:55.853+07:00,95415204559400,95415210864600,6.305
741,1787677016014105300,2026-08-25T23:56:56.014+07:00,95415373016900,95415331265400,41.752
742,1787677016162675400,2026-08-25T23:56:56.162+07:00,95415538949100,95415515863200,23.086
743,1787677016300888500,2026-08-25T23:56:56.300+07:00,95415666336700,95415697336500,31.000
744,1787677016462930800,2026-08-25T23:56:56.462+07:00,95415787733600,95415810447300,22.714
745,1787677016626289700,2026-08-25T23:56:56.626+07:00,95415953896000,95415936710300,17.186
746,1787677016768053300,2026-08-25T23:56:56.768+07:00,95416125243400,95416115509900,9.733
747,1787677016924598700,2026-08-25T23:56:56.924+07:00,95416298294600,95416298486300,0.192
748,1787677017072877300,2026-08-25T23:56:57.072+07:00,95416458594400,95416429405100,29.189
749,1787677017245790500,2026-08-25T23:56:57.245+07:00,95416595097600,95416592872300,2.225
750,1787677017400874300,2026-08-25T23:56:57.400+07:00,95416747565900,95416774929600,27.364
751,1787677017550750900,2026-08-25T23:56:57.550+07:00,95416924904100,95416899286500,25.618
752,1787677017717830000,2026-08-25T23:56:57.717+07:00,95417049078900,95417064734000,15.655
753,1787677017868845900,2026-08-25T23:56:57.868+07:00,95417212106500,95417193046200,19.060
754,1787677018035272400,2026-08-25T23:56:58.035+07:00,95417380962800,95417375952700,5.010
755,1787677018202528100,2026-08-25T23:56:58.202+07:00,95417554947800,95417555206800,0.259
756,1787677018388943300,2026-08-25T23:56:58.388+07:00,95417710290900,95417731688400,21.398
757,1787677018562094100,2026-08-25T23:56:58.562+07:00,95417881633800,95417911261900,29.628
758,1787677018706200000,2026-08-25T23:56:58.706+07:00,95418046811800,95418038434200,8.378
759,1787677018869812700,2026-08-25T23:56:58.869+07:00,95418220834200,95418220486800,0.347
760,1787677019048264500,2026-08-25T23:56:59.048+07:00,95418386150000,95418395231800,9.082
761,1787677019233935300,2026-08-25T23:56:59.233+07:00,95418554917200,95418572501500,17.584
762,1787677019397044800,2026-08-25T23:56:59.397+07:00,95418762600600,95418762764300,0.164
763,1787677019567601200,2026-08-25T23:56:59.567+07:00,95418890623100,95418880673500,9.950
764,1787677019719433800,2026-08-25T23:56:59.719+07:00,95419099085400,95419054119900,44.965
765,1787677019883238200,2026-08-25T23:56:59.883+07:00,95419257053100,95419233052000,24.001
766,1787677020061179100,2026-08-25T23:57:00.061+07:00,95419396911000,95419413262400,16.351
767,1787677020234231800,2026-08-25T23:57:00.234+07:00,95419561936600,95419596051300,34.115
768,1787677020393538700,2026-08-25T23:57:00.393+07:00,95419733644500,95419713639300,20.005
769,1787677020565564700,2026-08-25T23:57:00.565+07:00,95419927557800,95419911167300,16.390
770,1787677020732647100,2026-08-25T23:57:00.732+07:00,95420060486800,95420071967000,11.480
771,1787677020886124200,2026-08-25T23:57:00.886+07:00,95420227954800,95420262002700,34.048
772,1787677021069483500,2026-08-25T23:57:01.069+07:00,95420389703700,95420377367800,12.336
773,1787677021242289500,2026-08-25T23:57:01.242+07:00,95420576342100,95420558422500,17.920
774,1787677021410478900,2026-08-25T23:57:01.410+07:00,95420769569000,95420735605600,33.963
775,1787677021601576000,2026-08-25T23:57:01.601+07:00,95420945912000,95420916474500,29.438
776,1787677021782438600,2026-08-25T23:57:01.782+07:00,95421107240900,95421103010700,4.230
777,1787677021954804400,2026-08-25T23:57:01.954+07:00,95421318438800,95421282957800,35.481
778,1787677022115069700,2026-08-25T23:57:02.115+07:00,95421484339400,95421455194000,29.145
779,1787677022289326000,2026-08-25T23:57:02.289+07:00,95421620485100,95421644082100,23.597
780,1787677022452760200,2026-08-25T23:57:02.452+07:00,95421818098600,95421818925000,0.826
781,1787677022592047700,2026-08-25T23:57:02.592+07:00,95421979933300,95421947306500,32.627
782,1787677022749551900,2026-08-25T23:57:02.749+07:00,95422071498100,95422129316000,57.818
783,1787677022970309500,2026-08-25T23:57:02.970+07:00,95422282386400,95422341051000,58.665
784,1787677023145990600,2026-08-25T23:57:03.145+07:00,95422482273800,95422365388900,116.885
785,1787677023292808300,2026-08-25T23:57:03.292+07:00,95422662489100,95422547514800,114.974
786,1787677023457646300,2026-08-25T23:57:03.457+07:00,95422785820500,95422747676800,38.144
787,1787677023625043700,2026-08-25T23:57:03.625+07:00,95422994058100,95422968440100,25.618
788,1787677023773836200,2026-08-25T23:57:03.773+07:00,95423150595700,95423165598000,15.002
789,1787677023943430500,2026-08-25T23:57:03.943+07:00,95423297728200,95423198919700,98.808
790,1787677024106180100,2026-08-25T23:57:04.106+07:00,95423451557600,95423442665600,8.892
791,1787677024272877400,2026-08-25T23:57:04.272+07:00,95423606253500,95423627672900,21.419
792,1787677024407257100,2026-08-25T23:57:04.407+07:00,95423789921500,95423740536000,49.386
793,1787677024563458700,2026-08-25T23:57:04.563+07:00,95423912364400,95423918473200,6.109
794,1787677024745320600,2026-08-25T23:57:04.745+07:00,95424078104400,95424095505900,17.401
795,1787677024905471500,2026-08-25T23:57:04.905+07:00,95424253003800,95424220940300,32.063
796,1787677025056890500,2026-08-25T23:57:05.056+07:00,95424421368000,95424406916400,14.452
797,1787677025229668500,2026-08-25T23:57:05.229+07:00,95424582677700,95424574057300,8.620
798,1787677025386092600,2026-08-25T23:57:05.386+07:00,95424757685900,95424758117600,0.432
799,1787677025554635300,2026-08-25T23:57:05.554+07:00,95424885358100,95424881435600,3.922
800,1787677025713137700,2026-08-25T23:57:05.713+07:00,95425040597900,95425057729900,17.132
801,1787677025876373300,2026-08-25T23:57:05.876+07:00,95425214859000,95425241014400,26.155
802,1787677026020118700,2026-08-25T23:57:06.020+07:00,95425382387100,95425357257100,25.130
803,1787677026217190300,2026-08-25T23:57:06.217+07:00,95425549148600,95425540836900,8.312
804,1787677026370544200,2026-08-25T23:57:06.370+07:00,95425752282500,95425720312900,31.970
805,1787677026561926700,2026-08-25T23:57:06.561+07:00,95425881278100,95425899803300,18.525
806,1787677026725070000,2026-08-25T23:57:06.725+07:00,95426085952200,95426083543000,2.409
807,1787677026886562100,2026-08-25T23:57:06.886+07:00,95426217421500,95426211021300,6.400
808,1787677027026882400,2026-08-25T23:57:07.026+07:00,95426388570300,95426388781400,0.211
809,1787677027186407900,2026-08-25T23:57:07.186+07:00,95426507230100,95426507381500,0.151
810,1787677027355490500,2026-08-25T23:57:07.355+07:00,95426686391600,95426686128900,0.263
811,1787677027510148400,2026-08-25T23:57:07.510+07:00,95426881227100,95426859637100,21.590
812,1787677027774586700,2026-08-25T23:57:07.774+07:00,95427018176500,95427041745500,23.569
813,1787677027960158400,2026-08-25T23:57:07.960+07:00,95427305325500,95427283257400,22.068
814,1787677028127942600,2026-08-25T23:57:08.127+07:00,95427474096700,95427460646400,13.450
815,1787677028365749000,2026-08-25T23:57:08.365+07:00,95427641462400,95427641614400,0.152
816,1787677028563444400,2026-08-25T23:57:08.563+07:00,95427903777200,95427895632400,8.145
817,1787677028713396400,2026-08-25T23:57:08.713+07:00,95428063845600,95428064079100,0.234
818,1787677028882807300,2026-08-25T23:57:08.882+07:00,95428221589300,95428184556000,37.033
819,1787677029045297400,2026-08-25T23:57:09.045+07:00,95428390973900,95428363684000,27.290
820,1787677029206735200,2026-08-25T23:57:09.206+07:00,95428563606000,95428545045800,18.560
821,1787677029385052400,2026-08-25T23:57:09.385+07:00,95428727779100,95428727548100,0.231
822,1787677029549454100,2026-08-25T23:57:09.549+07:00,95428898889100,95428903241900,4.353
823,1787677029709702400,2026-08-25T23:57:09.709+07:00,95429065796600,95429024218800,41.578
824,1787677029869754800,2026-08-25T23:57:09.869+07:00,95429226568600,95429203496300,23.072
825,1787677030020878800,2026-08-25T23:57:10.020+07:00,95429389079200,95429384212400,4.867
826,1787677030175404800,2026-08-25T23:57:10.175+07:00,95429514284400,95429501208700,13.076
827,1787677030330437000,2026-08-25T23:57:10.330+07:00,95429692131200,95429684821000,7.310
828,1787677030484791700,2026-08-25T23:57:10.484+07:00,95429819768900,95429864511900,44.743
829,1787677030653328200,2026-08-25T23:57:10.653+07:00,95429988998700,95429986404300,2.594
830,1787677030803495200,2026-08-25T23:57:10.803+07:00,95430154715000,95430161064600,6.350
831,1787677030945695700,2026-08-25T23:57:10.945+07:00,95430322308400,95430285357200,36.951
832,1787677031121940300,2026-08-25T23:57:11.121+07:00,95430447830100,95430466488100,18.658
833,1787677031272881800,2026-08-25T23:57:11.272+07:00,95430621543500,95430641237100,19.694
834,1787677031432357000,2026-08-25T23:57:11.432+07:00,95430782679900,95430765579000,17.101
835,1787677031583451300,2026-08-25T23:57:11.583+07:00,95430953842800,95430948236000,5.607
836,1787677031738209700,2026-08-25T23:57:11.738+07:00,95431073945600,95431072796300,1.149
837,1787677031885366400,2026-08-25T23:57:11.885+07:00,95431245564500,95431244883000,0.681
838,1787677032033823800,2026-08-25T23:57:12.033+07:00,95431410956400,95431369620200,41.336
839,1787677032182956000,2026-08-25T23:57:12.182+07:00,95431534402700,95431544631500,10.229
840,1787677032342217200,2026-08-25T23:57:12.342+07:00,95431708959500,95431665385500,43.574
841,1787677032491812100,2026-08-25T23:57:12.491+07:00,95431824700600,95431842854000,18.153
842,1787677032649698100,2026-08-25T23:57:12.649+07:00,95431999291600,95431973671500,25.620
843,1787677032794305500,2026-08-25T23:57:12.794+07:00,95432160397000,95432144048700,16.348
844,1787677032974152100,2026-08-25T23:57:12.974+07:00,95432325946100,95432325754000,0.192
845,1787677033124987300,2026-08-25T23:57:13.124+07:00,95432460062200,95432453333300,6.729
846,1787677033285699100,2026-08-25T23:57:13.285+07:00,95432630344200,95432631391600,1.047
847,1787677033448266100,2026-08-25T23:57:13.448+07:00,95432749907500,95432760155600,10.248
848,1787677033599397800,2026-08-25T23:57:13.599+07:00,95432960325800,95432926751100,33.575
849,1787677033749867400,2026-08-25T23:57:13.749+07:00,95433129350600,95433123017900,6.333
850,1787677033922589300,2026-08-25T23:57:13.922+07:00,95433262664900,95433282974700,20.310
851,1787677034071399600,2026-08-25T23:57:14.071+07:00,95433422832900,95433404121600,18.711
852,1787677034203553100,2026-08-25T23:57:14.203+07:00,95433580440300,95433586623100,6.183
853,1787677034350366500,2026-08-25T23:57:14.350+07:00,95433675091400,95433704700400,29.609
854,1787677034560554900,2026-08-25T23:57:14.560+07:00,95433882325200,95433887668500,5.343
855,1787677034714689200,2026-08-25T23:57:14.714+07:00,95434093323800,95434066102600,27.221
856,1787677034852533000,2026-08-25T23:57:14.852+07:00,95434220655400,95434188756900,31.898
857,1787677035006328900,2026-08-25T23:57:15.006+07:00,95434378261400,95434367329800,10.932
858,1787677035174816300,2026-08-25T23:57:15.174+07:00,95434507197000,95434486318900,20.878
859,1787677035347706500,2026-08-25T23:57:15.347+07:00,95434679362600,95434665877600,13.485
860,1787677035484779800,2026-08-25T23:57:15.484+07:00,95434853397000,95434855934500,2.538
861,1787677035658372800,2026-08-25T23:57:15.658+07:00,95435009188700,95434976194600,32.994
862,1787677035831410300,2026-08-25T23:57:15.831+07:00,95435182369300,95435149197100,33.172
863,1787677035970151800,2026-08-25T23:57:15.970+07:00,95435311419500,95435331060800,19.641
864,1787677036100667300,2026-08-25T23:57:16.100+07:00,95435478550000,95435444544200,34.006
865,1787677036263466400,2026-08-25T23:57:16.263+07:00,95435595917200,95435567601000,28.316
866,1787677036417002900,2026-08-25T23:57:16.417+07:00,95435765992900,95435745335300,20.658
867,1787677036556218300,2026-08-25T23:57:16.556+07:00,95435933061600,95435927483100,5.579
868,1787677036684916000,2026-08-25T23:57:16.684+07:00,95436056224500,95436064643800,8.419
869,1787677036873703000,2026-08-25T23:57:16.873+07:00,95436203425800,95436171784500,31.641
870,1787677037035563300,2026-08-25T23:57:17.035+07:00,95436400200400,95436407221100,7.021
871,1787677037168936200,2026-08-25T23:57:17.168+07:00,95436535739300,95436535495100,0.244
872,1787677037295098300,2026-08-25T23:57:17.295+07:00,95436676687700,95436661056600,15.631
873,1787677037451826700,2026-08-25T23:57:17.451+07:00,95436811529000,95436777264900,34.264
874,1787677037606623700,2026-08-25T23:57:17.606+07:00,95436980326800,95436951193200,29.134
875,1787677037750419500,2026-08-25T23:57:17.750+07:00,95437117435300,95437126260300,8.825
876,1787677037880307600,2026-08-25T23:57:17.880+07:00,95437269250400,95437249643600,19.607
877,1787677038071320100,2026-08-25T23:57:18.071+07:00,95437354207000,95437367419100,13.212
878,1787677038250389500,2026-08-25T23:57:18.250+07:00,95437575943100,95437547833900,28.109
879,1787677038398475000,2026-08-25T23:57:18.398+07:00,95437774224600,95437786565700,12.341
880,1787677038560683100,2026-08-25T23:57:18.560+07:00,95437915098900,95437915340100,0.241
881,1787677038746701100,2026-08-25T23:57:18.746+07:00,95438069984500,95438087057500,17.073
882,1787677038888047700,2026-08-25T23:57:18.888+07:00,95438235548100,95438266584700,31.037
883,1787677039032837800,2026-08-25T23:57:19.032+07:00,95438403414600,95438394502000,8.913
884,1787677039234294100,2026-08-25T23:57:19.234+07:00,95438543998100,95438507754900,36.243
885,1787677039400811700,2026-08-25T23:57:19.400+07:00,95438742123600,95438754067000,11.943
886,1787677039540123800,2026-08-25T23:57:19.540+07:00,95438924250000,95438869639300,54.611
887,1787677039701637200,2026-08-25T23:57:19.701+07:00,95439033252500,95439056759100,23.507
888,1787677039874611500,2026-08-25T23:57:19.874+07:00,95439203658400,95439230795300,27.137
889,1787677040033128100,2026-08-25T23:57:20.033+07:00,95439369150700,95439353967200,15.184
890,1787677040175897900,2026-08-25T23:57:20.175+07:00,95439540752200,95439540488300,0.264
891,1787677040347972000,2026-08-25T23:57:20.347+07:00,95439705686800,95439651483400,54.203
892,1787677040506485900,2026-08-25T23:57:20.506+07:00,95439867172600,95439836219400,30.953
893,1787677040654228100,2026-08-25T23:57:20.654+07:00,95440028050300,95440010775900,17.274
894,1787677040794122000,2026-08-25T23:57:20.794+07:00,95440176405600,95440133672400,42.733
895,1787677040965651700,2026-08-25T23:57:20.965+07:00,95440285342200,95440316307800,30.966
896,1787677041132818100,2026-08-25T23:57:21.132+07:00,95440498061500,95440494288800,3.773
897,1787677041282795300,2026-08-25T23:57:21.282+07:00,95440625738200,95440610512600,15.226
898,1787677041442052800,2026-08-25T23:57:21.442+07:00,95440807939900,95440807639300,0.301
899,1787677041620157900,2026-08-25T23:57:21.620+07:00,95440956600600,95440969837300,13.237
900,1787677041788990600,2026-08-25T23:57:21.788+07:00,95441129425200,95441100368000,29.057
901,1787677041941302700,2026-08-25T23:57:21.941+07:00,95441289878800,95441273097600,16.781
902,1787677042111417300,2026-08-25T23:57:22.111+07:00,95441424361400,95441454864400,30.503
903,1787677042305069900,2026-08-25T23:57:22.305+07:00,95441632679700,95441636067700,3.388
904,1787677042461341400,2026-08-25T23:57:22.461+07:00,95441807860500,95441812816800,4.956
905,1787677042643970100,2026-08-25T23:57:22.643+07:00,95441965877300,95441933866900,32.010
906,1787677042827946100,2026-08-25T23:57:22.827+07:00,95442179244100,95442179006700,0.237
907,1787677042994345400,2026-08-25T23:57:22.994+07:00,95442348098700,95442352572000,4.473
908,1787677043180628400,2026-08-25T23:57:23.180+07:00,95442508147600,95442480768900,27.379
909,1787677043362249700,2026-08-25T23:57:23.362+07:00,95442719224000,95442716197700,3.026
910,1787677043517881400,2026-08-25T23:57:23.517+07:00,95442886491000,95442895413500,8.922
911,1787677043699499800,2026-08-25T23:57:23.699+07:00,95443018400300,95443018144800,0.256
912,1787677043851935400,2026-08-25T23:57:23.851+07:00,95443219824500,95443200384300,19.440
913,1787677044016879200,2026-08-25T23:57:24.016+07:00,95443352223100,95443373455500,21.232
914,1787677044196715400,2026-08-25T23:57:24.196+07:00,95443518841500,95443497879600,20.962
915,1787677044366220200,2026-08-25T23:57:24.366+07:00,95443722928000,95443676780000,46.148
916,1787677044508109600,2026-08-25T23:57:24.508+07:00,95443883266100,95443867342700,15.923
917,1787677044679815300,2026-08-25T23:57:24.679+07:00,95444012273600,95443979469400,32.804
918,1787677044853424000,2026-08-25T23:57:24.853+07:00,95444190518000,95444215937600,25.420
919,1787677045026616900,2026-08-25T23:57:25.026+07:00,95444353942400,95444336695400,17.247
920,1787677045172772500,2026-08-25T23:57:25.172+07:00,95444528479100,95444518612500,9.867
921,1787677045355629600,2026-08-25T23:57:25.355+07:00,95444700141900,95444707089300,6.947
922,1787677045520940900,2026-08-25T23:57:25.520+07:00,95444858324900,95444878146900,19.822
923,1787677045665321000,2026-08-25T23:57:25.665+07:00,95445023149200,95444997884500,25.265
924,1787677045824136800,2026-08-25T23:57:25.824+07:00,95445147541700,95445173793200,26.252
925,1787677046025048400,2026-08-25T23:57:26.025+07:00,95445347764900,95445356547300,8.782
926,1787677046184089600,2026-08-25T23:57:26.184+07:00,95445524985200,95445534768700,9.784
927,1787677046339818100,2026-08-25T23:57:26.339+07:00,95445697995200,95445654873800,43.121
928,1787677046502420000,2026-08-25T23:57:26.502+07:00,95445855092000,95445834182900,20.909
929,1787677046679463200,2026-08-25T23:57:26.679+07:00,95446018156900,95446021970100,3.813
930,1787677046827699800,2026-08-25T23:57:26.827+07:00,95446192833700,95446199119300,6.286
931,1787677046965758500,2026-08-25T23:57:26.965+07:00,95446331128100,95446327196100,3.932
932,1787677047132638400,2026-08-25T23:57:27.132+07:00,95446482863600,95446441439500,41.424
933,1787677047329976600,2026-08-25T23:57:27.329+07:00,95446654797600,95446617221500,37.576
934,1787677047469948700,2026-08-25T23:57:27.469+07:00,95446821246200,95446796344300,24.902
935,1787677047651127100,2026-08-25T23:57:27.651+07:00,95446991272400,95446991123400,0.149
936,1787677047817206500,2026-08-25T23:57:27.817+07:00,95447157136400,95447161529000,4.393
937,1787677047974156300,2026-08-25T23:57:27.974+07:00,95447326756800,95447343279300,16.523
938,1787677048113708300,2026-08-25T23:57:28.113+07:00,95447481953000,95447457748700,24.204
939,1787677048330122000,2026-08-25T23:57:28.330+07:00,95447620583000,95447584247400,36.336
940,1787677048509868600,2026-08-25T23:57:28.509+07:00,95447834151300,95447816483200,17.668
941,1787677048641873700,2026-08-25T23:57:28.641+07:00,95448039043500,95447999697000,39.346
942,1787677048816022100,2026-08-25T23:57:28.816+07:00,95448165689100,95448129172700,36.516
943,1787677049015165900,2026-08-25T23:57:29.015+07:00,95448336502300,95448359272900,22.771
944,1787677049162907200,2026-08-25T23:57:29.162+07:00,95448499773500,95448478187600,21.586
945,1787677049330533200,2026-08-25T23:57:29.330+07:00,95448663998100,95448663766500,0.232
946,1787677049512999700,2026-08-25T23:57:29.513+07:00,95448867305100,95448843251500,24.054
947,1787677049659817000,2026-08-25T23:57:29.659+07:00,95449041232600,95449019434600,21.798
948,1787677049815217600,2026-08-25T23:57:29.815+07:00,95449166266300,95449139474900,26.791
949,1787677049982548500,2026-08-25T23:57:29.982+07:00,95449333394200,95449319115100,14.279
950,1787677050160476800,2026-08-25T23:57:30.160+07:00,95449509900400,95449509651400,0.249
951,1787677050327342900,2026-08-25T23:57:30.327+07:00,95449672839900,95449680945000,8.105
952,1787677050468251000,2026-08-25T23:57:30.468+07:00,95449830797400,95449811318700,19.479
953,1787677050625256300,2026-08-25T23:57:30.625+07:00,95449963183600,95449980173400,16.990
954,1787677050796561000,2026-08-25T23:57:30.796+07:00,95450131060200,95450158916400,27.856
955,1787677050962950900,2026-08-25T23:57:30.962+07:00,95450304664400,95450282570100,22.094
956,1787677051102656300,2026-08-25T23:57:31.102+07:00,95450467262400,95450467500700,0.238
957,1787677051291639900,2026-08-25T23:57:31.291+07:00,95450611694400,95450578201600,33.493
958,1787677051480943400,2026-08-25T23:57:31.480+07:00,95450813387100,95450765747500,47.640
959,1787677051638503800,2026-08-25T23:57:31.638+07:00,95451012771700,95451005917000,6.855
960,1787677051826060100,2026-08-25T23:57:31.826+07:00,95451138929300,95451121205700,17.724
961,1787677052004518700,2026-08-25T23:57:32.004+07:00,95451344266900,95451362974800,18.708
962,1787677052186462800,2026-08-25T23:57:32.186+07:00,95451508341200,95451482361700,25.980
963,1787677052355215100,2026-08-25T23:57:32.355+07:00,95451687129100,95451662684400,24.445
964,1787677052546082200,2026-08-25T23:57:32.546+07:00,95451863850200,95451845543600,18.307
965,1787677052708069900,2026-08-25T23:57:32.708+07:00,95452060699100,95452081671200,20.972
966,1787677052882179900,2026-08-25T23:57:32.882+07:00,95452232299900,95452199664800,32.635
967,1787677053055318000,2026-08-25T23:57:33.055+07:00,95452398966900,95452383067400,15.899
968,1787677053242566900,2026-08-25T23:57:33.242+07:00,95452572418600,95452572102300,0.316
969,1787677053404354200,2026-08-25T23:57:33.404+07:00,95452768398400,95452742533400,25.865
970,1787677053582923300,2026-08-25T23:57:33.582+07:00,95452933489900,95452932839100,0.651
971,1787677053743497600,2026-08-25T23:57:33.743+07:00,95453105443200,95453105637800,0.195
972,1787677053896101200,2026-08-25T23:57:33.896+07:00,95453275815100,95453222771600,53.044
973,1787677054059304200,2026-08-25T23:57:34.059+07:00,95453401338300,95453403999500,2.661
974,1787677054246879500,2026-08-25T23:57:34.246+07:00,95453566090500,95453582036600,15.946
975,1787677054407578600,2026-08-25T23:57:34.407+07:00,95453776087100,95453760977800,15.109
976,1787677054557722600,2026-08-25T23:57:34.557+07:00,95453897721400,95453885262700,12.459
977,1787677054732104300,2026-08-25T23:57:34.732+07:00,95454075644000,95454081303000,5.659
978,1787677054924994600,2026-08-25T23:57:34.925+07:00,95454271334300,95454244458200,26.876
979,1787677055067069200,2026-08-25T23:57:35.067+07:00,95454456110900,95454436151900,19.959
980,1787677055221991600,2026-08-25T23:57:35.222+07:00,95454569075800,95454543002700,26.073
981,1787677055396877700,2026-08-25T23:57:35.396+07:00,95454750851800,95454738265400,12.586
982,1787677055578470200,2026-08-25T23:57:35.578+07:00,95454909231000,95454909054100,0.177
983,1787677055723616800,2026-08-25T23:57:35.723+07:00,95455108412200,95455083724100,24.688
984,1787677055875958700,2026-08-25T23:57:35.875+07:00,95455240648200,95455204447300,36.201
985,1787677056051496300,2026-08-25T23:57:36.051+07:00,95455364646600,95455385727800,21.081
986,1787677056243046500,2026-08-25T23:57:36.243+07:00,95455572101300,95455565669000,6.432
987,1787677056400259900,2026-08-25T23:57:36.400+07:00,95455744829400,95455749149500,4.320
988,1787677056575986900,2026-08-25T23:57:36.575+07:00,95455916406000,95455930216500,13.810
989,1787677056756201700,2026-08-25T23:57:36.756+07:00,95456081468600,95456108338200,26.870
990,1787677056901144900,2026-08-25T23:57:36.901+07:00,95456275388800,95456284815500,9.427
991,1787677057044824300,2026-08-25T23:57:37.044+07:00,95456413141400,95456413380400,0.239
992,1787677057232364500,2026-08-25T23:57:37.232+07:00,95456537144600,95456523045100,14.100
993,1787677057422006900,2026-08-25T23:57:37.422+07:00,95456737749100,95456763411000,25.662
994,1787677057563505000,2026-08-25T23:57:37.563+07:00,95456909013200,95456945634000,36.621
995,1787677057762493600,2026-08-25T23:57:37.762+07:00,95457089430200,95457065035800,24.394
996,1787677057941302400,2026-08-25T23:57:37.941+07:00,95457291130700,95457249482600,41.648
997,1787677058081062300,2026-08-25T23:57:38.081+07:00,95457461843700,95457432836100,29.008
998,1787677058284574500,2026-08-25T23:57:38.284+07:00,95457606831700,95457613125700,6.294
999,1787677058470880900,2026-08-25T23:57:38.470+07:00,95457799364300,95457799023100,0.341
1000,1787677058628303300,2026-08-25T23:57:38.628+07:00,95457972305600,95457971307600,0.998
1001,1787677058810597000,2026-08-25T23:57:38.810+07:00,95458131040100,95458147952800,16.913
1002,1787677058990734000,2026-08-25T23:57:38.990+07:00,95458339014700,95458331349100,7.666
1003,1787677059129127100,2026-08-25T23:57:39.129+07:00,95458513624800,95458511275100,2.350
1004,1787677059302473600,2026-08-25T23:57:39.302+07:00,95458632722800,95458632916800,0.194
1005,1787677059479609200,2026-08-25T23:57:39.479+07:00,95458812515300,95458818005300,5.490
1006,1787677059646261500,2026-08-25T23:57:39.646+07:00,95458974036900,95458984128200,10.091
1007,1787677059835775400,2026-08-25T23:57:39.835+07:00,95459138786900,95459167147100,28.360
1008,1787677060019815400,2026-08-25T23:57:40.019+07:00,95459353547100,95459352477700,1.069
1009,1787677060173876200,2026-08-25T23:57:40.173+07:00,95459550138000,95459537083600,13.054
1010,1787677060346264400,2026-08-25T23:57:40.346+07:00,95459680248000,95459653824100,26.424
1011,1787677060504619300,2026-08-25T23:57:40.504+07:00,95459848466900,95459830001100,18.466
1012,1787677060688946800,2026-08-25T23:57:40.688+07:00,95460015988200,95460015204000,0.784
1013,1787677060877202900,2026-08-25T23:57:40.877+07:00,95460193817100,95460194018700,0.202
1014,1787677061044826400,2026-08-25T23:57:41.044+07:00,95460390294400,95460371952500,18.342
1015,1787677061227497400,2026-08-25T23:57:41.227+07:00,95460573013400,95460569807400,3.206
1016,1787677061422153400,2026-08-25T23:57:41.422+07:00,95460729259800,95460730418600,1.159
1017,1787677061586573100,2026-08-25T23:57:41.586+07:00,95460930081700,95460912690600,17.391
1018,1787677061759776900,2026-08-25T23:57:41.759+07:00,95461106523500,95461096213400,10.310
1019,1787677061926296900,2026-08-25T23:57:41.926+07:00,95461270471900,95461270917200,0.445
1020,1787677062077282500,2026-08-25T23:57:42.077+07:00,95461438778700,95461450581400,11.803
1021,1787677062213200800,2026-08-25T23:57:42.213+07:00,95461602275600,95461572684900,29.591
1022,1787677062371692600,2026-08-25T23:57:42.371+07:00,95461731577300,95461695491700,36.086
1023,1787677062526732000,2026-08-25T23:57:42.526+07:00,95461897349300,95461875406400,21.943
1024,1787677062687480200,2026-08-25T23:57:42.687+07:00,95462028355900,95462051358300,23.002
1025,1787677062813122900,2026-08-25T23:57:42.813+07:00,95462192204100,95462187016400,5.188
1026,1787677062971442200,2026-08-25T23:57:42.971+07:00,95462314116300,95462293352300,20.764
1027,1787677063143602700,2026-08-25T23:57:43.143+07:00,95462480576600,95462471871000,8.706
1028,1787677063309390900,2026-08-25T23:57:43.309+07:00,95462657758200,95462648279600,9.479
1029,1787677063478121600,2026-08-25T23:57:43.478+07:00,95462830228400,95462833919700,3.691
1030,1787677063652010300,2026-08-25T23:57:43.652+07:00,95462992916200,95462950649000,42.267
1031,1787677063806427000,2026-08-25T23:57:43.806+07:00,95463157522900,95463135076700,22.446
1032,1787677063956106600,2026-08-25T23:57:43.956+07:00,95463321678700,95463308413000,13.266
1033,1787677064110623300,2026-08-25T23:57:44.110+07:00,95463445048100,95463430551800,14.496
1034,1787677064297034200,2026-08-25T23:57:44.297+07:00,95463622246700,95463617747700,4.499
1035,1787677064457354900,2026-08-25T23:57:44.457+07:00,95463822427300,95463792063500,30.364
1036,1787677064633133500,2026-08-25T23:57:44.633+07:00,95463959190600,95463976449900,17.259
1037,1787677064802973200,2026-08-25T23:57:44.802+07:00,95464160485800,95464160256000,0.230
1038,1787677064963133400,2026-08-25T23:57:44.963+07:00,95464335972200,95464335774500,0.198
1039,1787677065105280400,2026-08-25T23:57:45.105+07:00,95464491888400,95464457422800,34.466
1040,1787677065279885100,2026-08-25T23:57:45.279+07:00,95464619941700,95464631358700,11.417
1041,1787677065454884600,2026-08-25T23:57:45.454+07:00,95464789079200,95464811233200,22.154
1042,1787677065629931100,2026-08-25T23:57:45.629+07:00,95464956660100,95464929914900,26.745
1043,1787677065763314000,2026-08-25T23:57:45.763+07:00,95465131209400,95465122906400,8.303
1044,1787677065920338700,2026-08-25T23:57:45.920+07:00,95465248551200,95465232046100,16.505
1045,1787677066106042000,2026-08-25T23:57:46.106+07:00,95465422377100,95465422145200,0.232
1046,1787677066266468100,2026-08-25T23:57:46.266+07:00,95465630126000,95465594252800,35.873
1047,1787677066425216600,2026-08-25T23:57:46.425+07:00,95465753823200,95465772854700,19.032
1048,1787677066614837600,2026-08-25T23:57:46.614+07:00,95465962584700,95465954181700,8.403
1049,1787677066763471700,2026-08-25T23:57:46.763+07:00,95466137052900,95466136799300,0.254
1050,1787677066904340000,2026-08-25T23:57:46.904+07:00,95466263946500,95466254751100,9.195
1051,1787677067058147000,2026-08-25T23:57:47.058+07:00,95466421076600,95466376198700,44.878
1052,1787677067242808400,2026-08-25T23:57:47.242+07:00,95466595869500,95466552895000,42.974
1053,1787677067402646700,2026-08-25T23:57:47.402+07:00,95466755302000,95466732805200,22.497
1054,1787677067578105600,2026-08-25T23:57:47.578+07:00,95466930582400,95466915973300,14.609
1055,1787677067740292500,2026-08-25T23:57:47.740+07:00,95467098278400,95467098587200,0.309
1056,1787677067920165400,2026-08-25T23:57:47.920+07:00,95467250180700,95467273043900,22.863
1057,1787677068057201100,2026-08-25T23:57:48.057+07:00,95467446431000,95467396747100,49.684
1058,1787677068232168300,2026-08-25T23:57:48.232+07:00,95467551159300,95467576528500,25.369
1059,1787677068394721500,2026-08-25T23:57:48.394+07:00,95467726123800,95467751999100,25.875
1060,1787677068579076100,2026-08-25T23:57:48.579+07:00,95467929464200,95467879004400,50.460
1061,1787677068718968400,2026-08-25T23:57:48.718+07:00,95468107176400,95468059376700,47.800
1062,1787677068888357600,2026-08-25T23:57:48.888+07:00,95468221370200,95468240350000,18.980
1063,1787677069072339500,2026-08-25T23:57:49.072+07:00,95468406639200,95468415133000,8.494
1064,1787677069248344100,2026-08-25T23:57:49.248+07:00,95468601095000,95468595075100,6.020
1065,1787677069407515500,2026-08-25T23:57:49.407+07:00,95468772340200,95468776056900,3.717
1066,1787677069599691700,2026-08-25T23:57:49.599+07:00,95468922981200,95468895050900,27.930
1067,1787677069766249600,2026-08-25T23:57:49.766+07:00,95469108555900,95469073100300,35.456
1068,1787677069945739300,2026-08-25T23:57:49.945+07:00,95469283469800,95469283255000,0.215
1069,1787677070124577200,2026-08-25T23:57:50.124+07:00,95469446777800,95469446499400,0.278
1070,1787677070300776700,2026-08-25T23:57:50.300+07:00,95469647794900,95469616343600,31.451
1071,1787677070467166300,2026-08-25T23:57:50.467+07:00,95469825835200,95469794955500,30.880
1072,1787677070671774600,2026-08-25T23:57:50.671+07:00,95469989335400,95469989535100,0.200
1073,1787677070828844700,2026-08-25T23:57:50.828+07:00,95470190096000,95470155962500,34.133
1074,1787677070997571400,2026-08-25T23:57:50.997+07:00,95470329968700,95470337368700,7.400
1075,1787677071176372400,2026-08-25T23:57:51.176+07:00,95470525472700,95470519523000,5.950
1076,1787677071350448000,2026-08-25T23:57:51.350+07:00,95470695648700,95470701222100,5.573
1077,1787677071531031900,2026-08-25T23:57:51.531+07:00,95470860496600,95470875648000,15.151
1078,1787677071730600100,2026-08-25T23:57:51.730+07:00,95471031982400,95471062138700,30.156
1079,1787677071884781600,2026-08-25T23:57:51.884+07:00,95471247327000,95471236655200,10.672
1080,1787677072023354300,2026-08-25T23:57:52.023+07:00,95471411433700,95471361804800,49.629
1081,1787677072189202200,2026-08-25T23:57:52.189+07:00,95471534119400,95471539960400,5.841
1082,1787677072366541400,2026-08-25T23:57:52.366+07:00,95471700240300,95471722332300,22.092
1083,1787677072513561800,2026-08-25T23:57:52.513+07:00,95471869011400,95471900199600,31.188
1084,1787677072699250500,2026-08-25T23:57:52.699+07:00,95472035046800,95472028219700,6.827
1085,1787677072886946700,2026-08-25T23:57:52.886+07:00,95472209355600,95472204219300,5.136
1086,1787677073055332200,2026-08-25T23:57:53.055+07:00,95472417255300,95472390164500,27.091
1087,1787677073217005000,2026-08-25T23:57:53.217+07:00,95472576659700,95472556382900,20.277
1088,1787677073393988100,2026-08-25T23:57:53.393+07:00,95472747152200,95472740451000,6.701
1089,1787677073566513500,2026-08-25T23:57:53.566+07:00,95472923502900,95472923752500,0.250
1090,1787677073741097700,2026-08-25T23:57:53.741+07:00,95473084452300,95473047633300,36.819
1091,1787677073913253000,2026-08-25T23:57:53.913+07:00,95473255784600,95473278988100,23.203
1092,1787677074083314900,2026-08-25T23:57:54.083+07:00,95473414029300,95473398675600,15.354
1093,1787677074248891800,2026-08-25T23:57:54.248+07:00,95473586860100,95473587061600,0.202
1094,1787677074416503600,2026-08-25T23:57:54.416+07:00,95473749887200,95473770297500,20.410
1095,1787677074587095400,2026-08-25T23:57:54.587+07:00,95473927745600,95473944314800,16.569
1096,1787677074773202400,2026-08-25T23:57:54.773+07:00,95474091546400,95474117497300,25.951
1097,1787677074947069100,2026-08-25T23:57:54.947+07:00,95474303206700,95474302725700,0.481
1098,1787677075105016600,2026-08-25T23:57:55.105+07:00,95474478512200,95474424639300,53.873
1099,1787677075290858900,2026-08-25T23:57:55.290+07:00,95474631832100,95474605165300,26.667
1100,1787677075468943300,2026-08-25T23:57:55.468+07:00,95474814082200,95474782919100,31.163
1101,1787677075622414400,2026-08-25T23:57:55.622+07:00,95474970732500,95474962782400,7.950
1102,1787677075798253600,2026-08-25T23:57:55.798+07:00,95475147371600,95475152408700,5.037
1103,1787677075977307300,2026-08-25T23:57:55.977+07:00,95475306737100,95475326756900,20.020
1104,1787677076125947300,2026-08-25T23:57:56.125+07:00,95475467320500,95475508036000,40.715
1105,1787677076255786200,2026-08-25T23:57:56.255+07:00,95475646851000,95475645847100,1.004
1106,1787677076427468600,2026-08-25T23:57:56.427+07:00,95475772232700,95475750458500,21.774
1107,1787677076604650900,2026-08-25T23:57:56.604+07:00,95475931681800,95475918843700,12.838
1108,1787677076750153700,2026-08-25T23:57:56.750+07:00,95476106062000,95476105865000,0.197
1109,1787677076902278200,2026-08-25T23:57:56.902+07:00,95476278233700,95476242923100,35.311
1110,1787677077086670100,2026-08-25T23:57:57.086+07:00,95476433610000,95476407921200,25.689
1111,1787677077255924500,2026-08-25T23:57:57.255+07:00,95476598467500,95476589610400,8.857
1112,1787677077417614600,2026-08-25T23:57:57.417+07:00,95476773432200,95476768720000,4.712
1113,1787677077599809400,2026-08-25T23:57:57.599+07:00,95476902485800,95476948560600,46.075
1114,1787677077782386500,2026-08-25T23:57:57.782+07:00,95477144287600,95477124068500,20.219
1115,1787677077918897200,2026-08-25T23:57:57.918+07:00,95477267948100,95477306916200,38.968
1116,1787677078085117400,2026-08-25T23:57:58.085+07:00,95477433245600,95477427751900,5.494
1117,1787677078273985100,2026-08-25T23:57:58.273+07:00,95477610573600,95477610416000,0.158
1118,1787677078438102800,2026-08-25T23:57:58.438+07:00,95477781529600,95477784036000,2.506
1119,1787677078606700700,2026-08-25T23:57:58.606+07:00,95477939542600,95477962323700,22.781
1120,1787677078795030000,2026-08-25T23:57:58.795+07:00,95478107857200,95478141827200,33.970
1121,1787677078963887300,2026-08-25T23:57:58.964+07:00,95478280403000,95478263255100,17.148
1122,1787677079134076700,2026-08-25T23:57:59.134+07:00,95478482598600,95478445907500,36.691
1123,1787677079312484900,2026-08-25T23:57:59.312+07:00,95478648099700,95478625807800,22.292
1124,1787677079480105300,2026-08-25T23:57:59.480+07:00,95478819327400,95478802870200,16.457
1125,1787677079652883200,2026-08-25T23:57:59.652+07:00,95479003563800,95479000124800,3.439
1126,1787677079828857800,2026-08-25T23:57:59.828+07:00,95479157045500,95479161453200,4.408
1127,1787677079987671800,2026-08-25T23:57:59.987+07:00,95479319849500,95479345149500,25.300
1128,1787677080159810400,2026-08-25T23:58:00.159+07:00,95479495772800,95479524018600,28.246
1129,1787677080324144500,2026-08-25T23:58:00.324+07:00,95479678104800,95479644846600,33.258
1130,1787677080487581200,2026-08-25T23:58:00.487+07:00,95479826289400,95479828498400,2.209
1131,1787677080656951400,2026-08-25T23:58:00.656+07:00,95480008641800,95480013706700,5.065
1132,1787677080840090300,2026-08-25T23:58:00.840+07:00,95480159041800,95480192282500,33.241
1133,1787677080997030600,2026-08-25T23:58:00.997+07:00,95480340098900,95480302571000,37.528
1134,1787677081168275100,2026-08-25T23:58:01.168+07:00,95480498532900,95480480444700,18.088
1135,1787677081332220100,2026-08-25T23:58:01.332+07:00,95480657352000,95480668460100,11.108
1136,1787677081495846300,2026-08-25T23:58:01.495+07:00,95480833250000,95480848006500,14.757
1137,1787677081668137400,2026-08-25T23:58:01.668+07:00,95480999251400,95481028794100,29.543
1138,1787677081838079100,2026-08-25T23:58:01.838+07:00,95481169477200,95481149244300,20.233
1139,1787677081992638700,2026-08-25T23:58:01.992+07:00,95481339108300,95481339360200,0.252
1140,1787677082174342200,2026-08-25T23:58:02.174+07:00,95481493874200,95481504165100,10.291
1141,1787677082342271500,2026-08-25T23:58:02.342+07:00,95481668970600,95481683684500,14.714
1142,1787677082545707600,2026-08-25T23:58:02.545+07:00,95481873128000,95481873348400,0.220
1143,1787677082707792200,2026-08-25T23:58:02.707+07:00,95482076306600,95482049450500,26.856
1144,1787677082881022700,2026-08-25T23:58:02.881+07:00,95482197017900,95482166290700,30.727
1145,1787677083063360300,2026-08-25T23:58:03.063+07:00,95482412874500,95482409465400,3.409
1146,1787677083225485400,2026-08-25T23:58:03.225+07:00,95482580557700,95482586549500,5.992
1147,1787677083421089500,2026-08-25T23:58:03.421+07:00,95482699723600,95482707632200,7.909
1148,1787677083597356600,2026-08-25T23:58:03.597+07:00,95482957884400,95482953250300,4.634
1149,1787677083756520100,2026-08-25T23:58:03.756+07:00,95483119019200,95483126554200,7.535
1150,1787677083928486700,2026-08-25T23:58:03.928+07:00,95483251741700,95483250783100,0.959
1151,1787677084085743900,2026-08-25T23:58:04.085+07:00,95483454471600,95483430206700,24.265
1152,1787677084261853800,2026-08-25T23:58:04.261+07:00,95483589763000,95483608094500,18.331
1153,1787677084451607700,2026-08-25T23:58:04.451+07:00,95483755014200,95483793760000,38.746
1154,1787677084622923100,2026-08-25T23:58:04.622+07:00,95483975942400,95483970274700,5.668
1155,1787677084800682000,2026-08-25T23:58:04.800+07:00,95484130739000,95484147121400,16.382
1156,1787677084978950900,2026-08-25T23:58:04.978+07:00,95484291142400,95484331923800,40.781
1157,1787677085144234800,2026-08-25T23:58:05.144+07:00,95484504367900,95484508294700,3.927
1158,1787677085300865000,2026-08-25T23:58:05.300+07:00,95484669102600,95484632719800,36.383
1159,1787677085477562500,2026-08-25T23:58:05.477+07:00,95484803527100,95484814282100,10.755
1160,1787677085665238900,2026-08-25T23:58:05.665+07:00,95485007581700,95484987405800,20.176
1161,1787677085814455000,2026-08-25T23:58:05.814+07:00,95485174432600,95485168802700,5.630
1162,1787677085983948800,2026-08-25T23:58:05.983+07:00,95485343072200,95485304928100,38.144
1163,1787677086160149600,2026-08-25T23:58:06.160+07:00,95485472870600,95485472600600,0.270
1164,1787677086331911400,2026-08-25T23:58:06.331+07:00,95485679129600,95485649669500,29.460
1165,1787677086517889900,2026-08-25T23:58:06.517+07:00,95485854174500,95485834074100,20.100
1166,1787677086727547800,2026-08-25T23:58:06.727+07:00,95486022593300,95486011292900,11.300
1167,1787677086899403900,2026-08-25T23:58:06.899+07:00,95486229837400,95486247914900,18.078
1168,1787677087070152900,2026-08-25T23:58:07.070+07:00,95486436292300,95486427702000,8.590
1169,1787677087258076000,2026-08-25T23:58:07.258+07:00,95486573685300,95486548345700,25.340
1170,1787677087428967300,2026-08-25T23:58:07.428+07:00,95486786235900,95486792285800,6.050
1171,1787677087632992900,2026-08-25T23:58:07.632+07:00,95486939925500,95486909093500,30.832
1172,1787677087840108900,2026-08-25T23:58:07.840+07:00,95487162430800,95487151441800,10.989
1173,1787677088011618100,2026-08-25T23:58:08.011+07:00,95487367036700,95487327798400,39.238
1174,1787677088177524000,2026-08-25T23:58:08.177+07:00,95487534004900,95487513717800,20.287
1175,1787677088382967100,2026-08-25T23:58:08.382+07:00,95487707267300,95487688063900,19.203
1176,1787677088550372700,2026-08-25T23:58:08.550+07:00,95487912419000,95487872397300,40.022
1177,1787677088721655700,2026-08-25T23:58:08.721+07:00,95488072691900,95488051942200,20.750
1178,1787677088900110900,2026-08-25T23:58:08.900+07:00,95488246169300,95488229325200,16.844
1179,1787677089065516400,2026-08-25T23:58:09.065+07:00,95488422220700,95488422394500,0.174
1180,1787677089220472400,2026-08-25T23:58:09.220+07:00,95488582105200,95488592857400,10.752
1181,1787677089393336100,2026-08-25T23:58:09.393+07:00,95488747108100,95488723370400,23.738
1182,1787677089551730700,2026-08-25T23:58:09.551+07:00,95488904820200,95488894648000,10.172
1183,1787677089725259900,2026-08-25T23:58:09.725+07:00,95489077613900,95489077066500,0.547
1184,1787677089919673600,2026-08-25T23:58:09.919+07:00,95489252311400,95489252139600,0.172
1185,1787677090090789400,2026-08-25T23:58:10.090+07:00,95489420044000,95489435213300,15.169
1186,1787677090274295600,2026-08-25T23:58:10.274+07:00,95489623975200,95489611492300,12.483
1187,1787677090445359000,2026-08-25T23:58:10.445+07:00,95489800330300,95489799744800,0.586
1188,1787677090642025500,2026-08-25T23:58:10.642+07:00,95489956031200,95489974478500,18.447
1189,1787677090830879400,2026-08-25T23:58:10.830+07:00,95490169018600,95490168794400,0.224
1190,1787677091034092700,2026-08-25T23:58:11.034+07:00,95490334786900,95490334991900,0.205
1191,1787677091231764900,2026-08-25T23:58:11.231+07:00,95490546853400,95490515187000,31.666
1192,1787677091383740600,2026-08-25T23:58:11.383+07:00,95490765071600,95490763640900,1.431
1193,1787677091564684100,2026-08-25T23:58:11.564+07:00,95490887221400,95490872128500,15.093
1194,1787677091734114000,2026-08-25T23:58:11.734+07:00,95491095430100,95491053534700,41.895
1195,1787677091918155300,2026-08-25T23:58:11.918+07:00,95491266396900,95491236804200,29.593
1196,1787677092078440200,2026-08-25T23:58:12.078+07:00,95491449826400,95491419193600,30.633
1197,1787677092286506000,2026-08-25T23:58:12.286+07:00,95491601494700,95491606337500,4.843
1198,1787677092450767900,2026-08-25T23:58:12.450+07:00,95491813947200,95491772202000,41.745
1199,1787677092615522700,2026-08-25T23:58:12.615+07:00,95491970563600,95491953420500,17.143
1200,1787677092803491000,2026-08-25T23:58:12.803+07:00,95492147653200,95492139427200,8.226
1201,1787677092967147600,2026-08-25T23:58:12.967+07:00,95492309411500,95492320036700,10.625
1202,1787677093146807300,2026-08-25T23:58:13.146+07:00,95492482370100,95492493705200,11.335
1203,1787677093339585200,2026-08-25T23:58:13.339+07:00,95492683751800,95492674593700,9.158
1204,1787677093502055700,2026-08-25T23:58:13.502+07:00,95492861808400,95492856724700,5.084
1205,1787677093674718000,2026-08-25T23:58:13.674+07:00,95493024470800,95492978276000,46.195
1206,1787677093846348300,2026-08-25T23:58:13.846+07:00,95493184025500,95493157248000,26.777
1207,1787677093996320800,2026-08-25T23:58:13.996+07:00,95493352081700,95493339319000,12.763
1208,1787677094183065400,2026-08-25T23:58:14.183+07:00,95493528097000,95493521762500,6.335
1209,1787677094344531800,2026-08-25T23:58:14.344+07:00,95493694678200,95493701953400,7.275
1210,1787677094509499200,2026-08-25T23:58:14.509+07:00,95493861413100,95493876106300,14.693
1211,1787677094667894400,2026-08-25T23:58:14.667+07:00,95494026485600,95494001636900,24.849
1212,1787677094831536000,2026-08-25T23:58:14.831+07:00,95494151757300,95494173324300,21.567
1213,1787677094988837600,2026-08-25T23:58:14.988+07:00,95494354051300,95494353813900,0.237
1214,1787677095165509400,2026-08-25T23:58:15.165+07:00,95494483224400,95494474596700,8.628
1215,1787677095324654900,2026-08-25T23:58:15.324+07:00,95494694386800,95494667173700,27.213
1216,1787677095481508600,2026-08-25T23:58:15.481+07:00,95494861826000,95494833717800,28.108
1217,1787677095620047900,2026-08-25T23:58:15.620+07:00,95494984098600,95494959439900,24.659
1218,1787677095773166600,2026-08-25T23:58:15.773+07:00,95495151627400,95495140932600,10.695
1219,1787677095934123300,2026-08-25T23:58:15.934+07:00,95495276364400,95495252461100,23.903
1220,1787677096088999900,2026-08-25T23:58:16.089+07:00,95495443285500,95495443622200,0.337
1221,1787677096242161100,2026-08-25T23:58:16.242+07:00,95495612595400,95495618482700,5.887
1222,1787677096399799600,2026-08-25T23:58:16.399+07:00,95495745052300,95495736931200,8.121
1223,1787677096560415000,2026-08-25T23:58:16.560+07:00,95495915636700,95495915159200,0.477
1224,1787677096723692800,2026-08-25T23:58:16.723+07:00,95496078443400,95496097244300,18.801
1225,1787677096861916300,2026-08-25T23:58:16.861+07:00,95496239789700,95496217459100,22.331
1226,1787677097018378200,2026-08-25T23:58:17.018+07:00,95496376035700,95496337968400,38.067
1227,1787677097185228300,2026-08-25T23:58:17.185+07:00,95496526066900,95496520132400,5.934
1228,1787677097342460900,2026-08-25T23:58:17.342+07:00,95496709936900,95496709482000,0.455
1229,1787677097468951200,2026-08-25T23:58:17.468+07:00,95496828181600,95496811626200,16.555
1230,1787677097634518200,2026-08-25T23:58:17.634+07:00,95496996135300,95496995909000,0.226
1231,1787677097802983000,2026-08-25T23:58:17.802+07:00,95497166977500,95497172124700,5.147
1232,1787677097951845500,2026-08-25T23:58:17.951+07:00,95497325756700,95497294096400,31.660
1233,1787677098080864000,2026-08-25T23:58:18.080+07:00,95497455339100,95497480505900,25.167
1234,1787677098243311000,2026-08-25T23:58:18.243+07:00,95497585823100,95497597425800,11.603
1235,1787677098403436900,2026-08-25T23:58:18.403+07:00,95497745308100,95497776224700,30.917
1236,1787677098556259200,2026-08-25T23:58:18.556+07:00,95497918067800,95497898720800,19.347
1237,1787677098684493700,2026-08-25T23:58:18.684+07:00,95498084775500,95498079176300,5.599
1238,1787677098836520400,2026-08-25T23:58:18.836+07:00,95498171728400,95498209806200,38.078
1239,1787677098991086400,2026-08-25T23:58:18.991+07:00,95498340676300,95498321293100,19.383
1240,1787677099147289700,2026-08-25T23:58:19.147+07:00,95498506498400,95498499791300,6.707
1241,1787677099290112900,2026-08-25T23:58:19.290+07:00,95498664059000,95498620512900,43.546
1242,1787677099460835600,2026-08-25T23:58:19.460+07:00,95498805912100,95498806139500,0.227
1243,1787677099628736500,2026-08-25T23:58:19.628+07:00,95498968362400,95498980249000,11.887
1244,1787677099783349900,2026-08-25T23:58:19.783+07:00,95499131791400,95499159830900,28.040
1245,1787677099912873000,2026-08-25T23:58:19.912+07:00,95499301013300,95499284832300,16.181
1246,1787677100060854200,2026-08-25T23:58:20.060+07:00,95499424221200,95499401774700,22.447
1247,1787677100229975500,2026-08-25T23:58:20.229+07:00,95499592197200,95499578059700,14.137
1248,1787677100389655100,2026-08-25T23:58:20.389+07:00,95499723497600,95499760585800,37.088
1249,1787677100522834400,2026-08-25T23:58:20.522+07:00,95499890935600,95499884171000,6.765
1250,1787677100682131100,2026-08-25T23:58:20.682+07:00,95500011246700,95500007387800,3.859
1251,1787677100858268400,2026-08-25T23:58:20.858+07:00,95500220086000,95500189985400,30.101
1252,1787677101018286200,2026-08-25T23:58:21.018+07:00,95500391449500,95500360776300,30.673
1253,1787677101210391400,2026-08-25T23:58:21.210+07:00,95500553825000,95500543251100,10.574
1254,1787677101377171500,2026-08-25T23:58:21.377+07:00,95500728912200,95500728609600,0.303
1255,1787677101526034800,2026-08-25T23:58:21.526+07:00,95500892098000,95500907666600,15.569
1256,1787677101669991400,2026-08-25T23:58:21.670+07:00,95501059911200,95501029429300,30.482
1257,1787677101810317700,2026-08-25T23:58:21.810+07:00,95501182885200,95501200174800,17.290
1258,1787677101986835600,2026-08-25T23:58:21.986+07:00,95501349560400,95501320474700,29.086
1259,1787677102138149600,2026-08-25T23:58:22.138+07:00,95501522817800,95501498851200,23.967
1260,1787677102284609900,2026-08-25T23:58:22.284+07:00,95501644767100,95501623526800,21.240
1261,1787677102443167900,2026-08-25T23:58:22.443+07:00,95501811872500,95501801862400,10.010
1262,1787677102616390600,2026-08-25T23:58:22.616+07:00,95501981404700,95501944778000,36.627
1263,1787677102754558100,2026-08-25T23:58:22.754+07:00,95502148924300,95502099949600,48.975
1264,1787677102902534700,2026-08-25T23:58:22.902+07:00,95502273575100,95502285242600,11.668
1265,1787677103059930200,2026-08-25T23:58:23.059+07:00,95502405069800,95502404693600,0.376
1266,1787677103246803500,2026-08-25T23:58:23.246+07:00,95502573277300,95502581856600,8.579
1267,1787677103394391400,2026-08-25T23:58:23.394+07:00,95502777371000,95502769214800,8.156
1268,1787677103536047900,2026-08-25T23:58:23.536+07:00,95502898049600,95502883247700,14.802
1269,1787677103683539100,2026-08-25T23:58:23.683+07:00,95503039211000,95502997848600,41.362
1270,1787677103838777900,2026-08-25T23:58:23.838+07:00,95503191749200,95503185350600,6.399
1271,1787677103990654200,2026-08-25T23:58:23.990+07:00,95503367357000,95503367190700,0.166
1272,1787677104126656000,2026-08-25T23:58:24.126+07:00,95503494391000,95503494221800,0.169
1273,1787677104277116800,2026-08-25T23:58:24.277+07:00,95503657342700,95503607184700,50.158
1274,1787677104426541800,2026-08-25T23:58:24.426+07:00,95503782978000,95503783161900,0.184
1275,1787677104547017500,2026-08-25T23:58:24.547+07:00,95503950365900,95503906604500,43.761
1276,1787677104701199100,2026-08-25T23:58:24.701+07:00,95504072121700,95504033447700,38.674
1277,1787677104864787400,2026-08-25T23:58:24.864+07:00,95504189082200,95504203140000,14.058
1278,1787677105012642000,2026-08-25T23:58:25.012+07:00,95504366454500,95504383690700,17.236
1279,1787677105128500100,2026-08-25T23:58:25.128+07:00,95504500250800,95504503413200,3.162
1280,1787677105237298300,2026-08-25T23:58:25.237+07:00,95504618807400,95504628035600,9.228
1281,1787677105355607800,2026-08-25T23:58:25.355+07:00,95504749952000,95504749229100,0.723
1282,1787677105471624800,2026-08-25T23:58:25.471+07:00,95504870302600,95504874479000,4.176
1283,1787677105580277700,2026-08-25T23:58:25.580+07:00,95504993842600,95504985077200,8.765
1284,1787677105690562900,2026-08-25T23:58:25.690+07:00,95505070245800,95505051681800,18.564
1285,1787677105789973600,2026-08-25T23:58:25.789+07:00,95505193996500,95505167862500,26.134
1286,1787677105929126100,2026-08-25T23:58:25.929+07:00,95505281875200,95505284975900,3.101
1287,1787677106063751000,2026-08-25T23:58:26.063+07:00,95505452804800,95505446000900,6.804
1288,1787677106192975800,2026-08-25T23:58:26.192+07:00,95505573087900,95505587979100,14.891
1289,1787677106294604900,2026-08-25T23:58:26.294+07:00,95505711141300,95505710840500,0.301
1290,1787677106406972300,2026-08-25T23:58:26.406+07:00,95505803221100,95505767733400,35.488
1291,1787677106535705300,2026-08-25T23:58:26.535+07:00,95505927998000,95505885362800,42.635
1292,1787677106669347200,2026-08-25T23:58:26.669+07:00,95506049345600,95506069103500,19.758
1293,1787677106778660600,2026-08-25T23:58:26.778+07:00,95506169000200,95506184644800,15.645
1294,1787677106890238000,2026-08-25T23:58:26.890+07:00,95506255047500,95506249035700,6.012
1295,1787677106995929500,2026-08-25T23:58:26.995+07:00,95506381114300,95506365040400,16.074
1296,1787677107114335900,2026-08-25T23:58:27.114+07:00,95506505587200,95506489517800,16.069
1297,1787677107228469100,2026-08-25T23:58:27.228+07:00,95506623950600,95506603958500,19.992
1298,1787677107348256700,2026-08-25T23:58:27.348+07:00,95506713054100,95506729129100,16.075
1299,1787677107468905300,2026-08-25T23:58:27.468+07:00,95506840085800,95506852940400,12.855
1300,1787677107611062000,2026-08-25T23:58:27.611+07:00,95506962920500,95506969256400,6.336
1301,1787677107752802100,2026-08-25T23:58:27.752+07:00,95507138792800,95507147411100,8.618
1302,1787677107871223300,2026-08-25T23:58:27.871+07:00,95507259157700,95507267024800,7.867
1303,1787677107980248300,2026-08-25T23:58:27.980+07:00,95507378731300,95507389563500,10.832
1304,1787677108118501500,2026-08-25T23:58:28.118+07:00,95507463867100,95507501155300,37.288
1305,1787677108248127900,2026-08-25T23:58:28.248+07:00,95507631643300,95507629641000,2.002
1306,1787677108395676300,2026-08-25T23:58:28.395+07:00,95507765364700,95507749086700,16.278
1307,1787677108526398900,2026-08-25T23:58:28.526+07:00,95507887141500,95507868334400,18.807
1308,1787677108632980200,2026-08-25T23:58:28.632+07:00,95508011494100,95508042582100,31.088
1309,1787677108734431200,2026-08-25T23:58:28.734+07:00,95508133188600,95508110048700,23.140
1310,1787677108841946500,2026-08-25T23:58:28.841+07:00,95508254357400,95508228510400,25.847
1311,1787677108974638200,2026-08-25T23:58:28.974+07:00,95508352514400,95508352307100,0.207
1312,1787677109094775600,2026-08-25T23:58:29.094+07:00,95508476361600,95508470129600,6.232
1313,1787677109206964100,2026-08-25T23:58:29.206+07:00,95508599368900,95508590187200,9.182
1314,1787677109326745300,2026-08-25T23:58:29.326+07:00,95508691747700,95508714469900,22.722
1315,1787677109425316100,2026-08-25T23:58:29.425+07:00,95508805762100,95508827814300,22.052
1316,1787677109554896500,2026-08-25T23:58:29.554+07:00,95508930201700,95508949097800,18.896
1317,1787677109661549400,2026-08-25T23:58:29.661+07:00,95509056845500,95509065266400,8.421
1318,1787677109797029400,2026-08-25T23:58:29.797+07:00,95509178562000,95509127521000,51.041
1319,1787677109894966100,2026-08-25T23:58:29.894+07:00,95509313883700,95509313205000,0.679
1320,1787677110001483100,2026-08-25T23:58:30.001+07:00,95509386405200,95509370098900,16.306
1321,1787677110130152600,2026-08-25T23:58:30.130+07:00,95509523649800,95509489429200,34.221
